SiteID,SiteID1,PelNo_trk,SSH_sign,EC_sign,APP_sign,Location,Date,Visit,Revisit,Reason,Longitude1,Latitude1,Xcoord1,Ycoord1,Length,StartLong,StartLat,StartX,StartY,Pellet,Tracks,Observed,SampleLong,SampleLat,SampleX,SampleY,HabGIS1,HabGIS2,HabGround,Msitecover,MsiteTree,MsiteDBH1,MsiteDBH2,MsiteSpac1,MsiteSpac2,MsiteLaurel,MsiteWater,MsiteAspect,Snow,Observer,ELEVATION,
1,, ,0,0,0,1,211,1,0,0,-75.10042,41.11218,243461,238560,1238.16,-75.09913,41.11063,243575,238392,0,0,0,,,,,mixed,conifer,conifer,,,,,,,,,,full,E. Rogan,241.086,
2,,,0,0,0,1,131,1,0,0,-78.2499,41.03007,-21013,225429,1169.25,-78.25893,41.02642,-21773,225025,0,0,0,,,,,decid,conifer,decid,,,,,,,,,,full,J. Vreeland,461.301,
3,,,0,0,0,1,310,1,0,0,-76.86886,41.28727,94738,254580,1127.34,-76.874,41.28493,94311,254315,0,0,0,,,,,decid,conifer,conifer,,,,,,,,,,partial,B. Carlson,245.12,
4,,,0,0,0,1,0,0,0,1,-75.28976,41.33616,226797,262916,0,,,,,0,0,0,,,,,,,,,,,,,,,,,,,499.181,
5,,,0,0,0,1,329,1,0,0,-77.27422,41.43736,60650,270890,1197.31,-77.27755,41.43575,60373,270709,0,0,0,,,,,conif,conifer,conifer,,,,,,,,,,no,B. Carlson,406.867,
6,,,0,0,0,1,0,0,0,1,-75.19333,41.66327,233696,299486,0,,,,,0,0,0,,,,,,,,,,,,,,,,,,,459.799,
7,,,0,0,0,1,322,1,0,0,-76.30822,41.12362,142042,237165,1334.12,-76.31063,41.12235,141842,237020,0,0,0,,,,,mixed,conifer,conifer,,,,,,,,,,full,E. Rogan,221.65,
8,,,0,0,0,1,318,1,0,0,-78.68671,41.13702,-57647,237504,1412.12,-78.63577,41.12545,-53381,236187,0,0,0,,,,,decid,conifer,decid,,,,,,,,,,partial,M. Schrecengost,444.672,
9,,,0,0,0,1,217,1,0,0,-76.72445,41.36544,106706,263428,1120.79,-76.7432,41.34857,105164,261532,0,0,0,,,,,mixed,conifer,mixed,,,,,,,,,,full,E. Rogan,548.339,
10,,trk,1,0,0,1,220,1,0,0,-77.7912,41.83537,17343,314868,1180.92,-77.78595,41.83933,17778,315309,0,1,0,-77.79326,41.83383,17172,314697,mixed,conifer,conifer,Mixed,"Oak, Blk Cherry, Red Maple",4,12,4,13,0,1,west,partial,B. Carlson,624.503,
10,,,0,0,0,1,318,1,1,0,-77.7912,41.83537,17343,314868,1210.13,-77.78595,41.83935,17778,315311,0,0,0,,,,,mixed,conifer,conifer,,,,,,,,,,full,E. Rogan,624.503,
10,,,0,0,0,1,412,1,1,0,-77.7912,41.83537,17343,314868,1256.82,-77.79407,41.8326,17105,314560,0,0,0,,,,,mixed,conifer,conifer,,,,,,,,,,no,M. Schrecengost,624.503,
11,,,0,0,0,1,210,1,0,0,-75.1781,41.52163,235472,283802,1519.34,-75.15345,41.54588,237441,286561,0,0,0,,,,,mixed,conifer,conifer,,,,,,,,,,full,E. Rogan,402.081,
11,t,,0,0,0,2,210,1,0,0,-75.15173,41.54775,237577,286774,565.23,-75.15173,41.54775,237577,286774,0,0,0,,,,,,,trans,,,,,,,,,,full,E. Rogan,370.646,
12,,,0,0,0,1,405,1,0,0,-77.77994,41.61046,18341,289888,1122.17,-77.78128,41.60013,18232,288741,0,0,0,,,,,mixed,conifer,conifer,,,,,,,,,,partial,B. Carlson,463.837,
13,,,0,0,0,1,303,1,0,0,-77.19508,41.55754,67140,284296,1091.77,-77.19447,41.56123,67187,284707,0,0,0,,,,,mixed,conifer,conifer,,,,,,,,,,partial,B. Carlson,595.485,
14,,14a,0,1,0,1,219,1,0,0,-75.79566,41.50881,183989,280896,1362.64,-75.78987,41.5094,184470,280974,1,0,0,-75.79489,41.51183,184044,281233,mixed,conifer,mixed,mixed,"maple, hemlock",1,8,1,6,0,0,north,full,E. Rogan,373.863,
14,t,trk,1,0,0,2,219,1,0,0,-75.80128,41.50701,183525,280684,822.17,-75.80128,41.50702,183525,280685,0,1,0,-75.80143,41.50696,183512,280678,,,trans,trans,"hem, maple,beech, birch",1,6,1,5,0,1,north,full,E. Rogan,308.519,
15,,,0,0,0,1,301,1,0,0,-77.45678,41.6956,45216,299463,1018.37,-77.45267,41.7013,45554,300098,0,0,0,,,,,conif,conifer,conifer,,,,,,,,,,full,B. Carlson,453.629,
16,,,0,0,0,1,202,1,0,0,-77.52257,41.29416,39984,254841,1197.57,-77.5221,41.29288,40024,254699,0,0,0,,,,,decid,conifer,conifer,,,,,,,,,,full,J. Vreeland,493.164,
16,t,,0,0,0,2,202,1,0,0,-77.51485,41.31325,40619,256965,1136.18,-77.51485,41.31325,40619,256965,0,0,0,,,,,,,trans,,,,,,,,,,full,J. Vreeland,505.617,
17,,,0,0,0,1,301,1,0,0,-77.25697,41.61154,61927,290249,1101.9,-77.27592,41.60047,60358,289006,0,0,0,,,,,decid,conifer,conifer,,,,,,,,,,full,B. Carlson,388.324,
18,,,0,0,0,1,406,1,0,0,-78.05347,41.5223,-4463,280074,1111.97,-78.05565,41.51868,-4645,279672,0,0,0,,,,,mixed,conifer,conifer,,,,,,,,,,no,B. Carlson,471.986,
19,,,0,0,0,1,305,1,0,0,-76.12951,41.56554,155993,286546,1380.32,-76.12137,41.56095,156683,286051,0,0,0,,,,,mixed,conifer,conifer,,,,,,,,,,partial,E. Rogan,332.793,
19,t,,0,0,0,2,305,1,0,0,-76.12946,41.5686,155990,286886,1027.84,-76.12947,41.5686,155989,286886,0,0,0,,,,,,,trans,,,,,,,,,,partial,E. Rogan,330.025,
20,,trk,1,0,0,1,223,1,0,0,-76.03144,41.50611,164319,280126,1923.66,-76.0273,41.5031,164672,279800,0,1,0,-76.03062,41.50206,164398,279678,mixed,conifer,conifer,conifer,"hemlock,maple,beech",1,9,1,6,70,0,southsouthwest,full,E. Rogan,461.198,
20,,trk,1,0,0,1,223,1,0,0,-76.03144,41.50611,164319,280126,1923.66,-76.0273,41.5031,164672,279800,0,1,0,-76.03169,41.50227,164308,279699,mixed,conifer,conifer,conifer,"hemlock,maple",2,8,1,6,0,0,southsouthwest,full,E. Rogan,461.198,
20,,,0,0,0,1,324,1,1,0,-76.03144,41.50611,164319,280126,1772.86,-76.03388,41.50965,164107,280515,0,0,0,,,,,mixed,conifer,conifer,,,,,,,,,,full,B. Carlson,461.198,
20,,20b,0,1,0,1,415,1,1,0,-76.03144,41.50611,164319,280126,1204.84,-76.03528,41.50512,164001,280009,1,0,0,-76.02486,41.50612,164868,280140,mixed,conifer,conifer,mixed,"maple,oak",1,35,1,1,0,0,west,no,M. Schrecengost,461.198,
21,,,0,0,0,1,204,1,0,0,-75.73801,41.92717,187596,327473,1165.4,-75.74798,41.9242,186778,327122,0,0,0,,,,,conif,conifer,conifer,,,,,,,,,,full,E. Rogan,341.429,
22,,,0,0,0,1,0,0,0,1,-75.27299,41.29092,228357,257937,0,,,,,0,0,0,,,,,,,,,,,,,,,,,,,461.065,
23,,23a,0,1,0,1,217,1,0,0,-76.73074,41.28686,106306,254693,1380.08,-76.73567,41.2873,105893,254736,1,0,0,-76.73636,41.28635,105837,254630,decid,conifer,mixed,mixed,"maple, hemlock",1,16,1,6,0,0,northwest,full,E. Rogan,317.866,
24,,,0,0,0,1,219,1,0,0,-75.93204,41.53058,172550,283035,397.66,-75.93405,41.52732,172391,282669,0,0,0,,,,,mixed,conifer,mixed,,,,,,,,,,full,E. Rogan,346.676,
25,,,0,0,0,1,217,1,0,0,-76.94443,41.34291,88335,260681,1349.21,-76.95203,41.3394,87703,260283,0,0,0,,,,,decid,conifer,conifer,,,,,,,,,,full,E. Rogan,421.23,
26,,,0,0,0,1,308,1,0,0,-76.89654,41.52527,92086,280984,1076.45,-76.89698,41.52903,92044,281401,0,0,0,,,,,decid,conifer,decid,,,,,,,,,,no,B. Carlson,524.809,
27,,,0,0,0,1,202,1,0,0,-77.43312,41.19901,47544,244317,1255.6,-77.41683,41.22503,48890,247216,0,0,0,,,,,mixed,conifer,conifer,,,,,,,,,,full,J. Vreeland,485.092,
28,,,0,0,0,1,321,1,0,0,-76.45194,41.17368,129878,242501,1358.72,-76.45567,41.17702,129558,242866,0,0,0,,,,,decid,conifer,conifer,,,,,,,,,,full,E. Rogan,296.436,
29,,,0,0,0,1,401,1,0,0,-78.225,41.41836,-18808,268552,1172.48,-78.22603,41.42235,-18893,268995,0,0,0,,,,,mixed,conifer,conifer,,,,,,,,,,no,M. Schrecengost,346.298,
30,,,0,0,0,1,309,1,0,0,-76.78516,41.40877,101561,268168,1128.71,-76.77593,41.41268,102326,268614,0,0,0,,,,,mixed,conifer,conifer,,,,,,,,,,full,B. Carlson,418.285,
31,,,0,0,0,1,405,1,0,0,-77.71222,41.53368,24013,281376,1054.85,-77.71468,41.53093,23809,281070,0,0,0,,,,,conif,conifer,conifer,,,,,,,,,,full,B. Carlson,442.767,
32,,,0,0,0,1,131,1,0,0,-78.41772,41.10773,-35082,234108,1014.61,-78.44833,41.10132,-37657,233409,0,0,0,,,,,decid,conifer,decid,,,,,,,,,,full,J. Vreeland,538.709,
32,t,1,0,1,0,2,131,1,0,0,-78.41728,41.09983,-35049,233231,1077.37,-78.41728,41.09983,-35049,233231,1,0,0,-78.4161,41.10283,-34949,233563,,,trans,trans,red maple,0.5,2,1,5,20,0,northwest,full,J. Vreeland,506.457,
32,t,2,0,1,0,2,131,1,0,0,-78.41728,41.09983,-35049,233231,1077.37,-78.41728,41.09983,-35049,233231,1,0,0,-78.41702,41.10439,-35025,233737,,,trans,trans,laurel,0.5,2,1,3,100,0,none,full,J. Vreeland,506.457,
32,t,3,0,1,0,2,131,1,0,0,-78.41728,41.09983,-35049,233231,1077.37,-78.41728,41.09983,-35049,233231,1,0,0,-78.4177,41.10418,-35082,233714,,,trans,trans,red maple,0.5,1,1,3,0,0,southeast,full,J. Vreeland,506.457,
33,,,0,0,0,1,309,1,0,0,-76.56696,41.24988,120090,250799,1037.15,-76.55023,41.2581,121477,251735,0,0,0,,,,,decid,conifer,conifer,,,,,,,,,,partial,B. Carlson,345.843,
34,,,0,0,0,1,312,1,0,0,-76.15389,41.16937,154890,242508,1062.92,-76.15463,41.17302,154819,242912,0,0,0,,,,,mixed,conifer,conifer,,,,,,,,,,full,E. Rogan,340.844,
34,t,,0,0,0,2,312,1,0,0,-76.15718,41.17248,154607,242847,683.05,-76.15718,41.17248,154607,242847,0,0,0,,,,,,,trans,,,,,,,,,,full,E. Rogan,193.06,
35,,,0,0,0,1,212,1,0,0,-75.27378,41.11258,228909,238136,1783.11,-75.26328,41.1039,229820,237200,0,0,0,,,,,trans,conifer,conifer,,,,,,,,,,full,E. Rogan,273.89,
36,,,0,0,0,1,322,1,0,0,-76.40736,41.08626,133795,232859,1257.76,-76.40728,41.08642,133801,232877,0,0,0,,,,,conif,conifer,conifer,,,,,,,,,,full,E. Rogan,182.359,
37,,trk,1,0,0,1,201,1,0,0,-76.4541,41.99284,128086,333472,1163.69,-76.45547,41.99017,127978,333173,0,1,0,-76.4554,41.99007,127984,333162,mixed,conifer,conifer,conifer,hemlock,1,7,1,6,0,1,northnorthwest,full,E. Rogan,278.183,
37,,trk,1,0,0,1,201,1,0,0,-76.4541,41.99284,128086,333472,1163.69,-76.45547,41.99017,127978,333173,0,1,0,-76.45525,41.98972,127997,333123,mixed,conifer,conifer,conifer,hemlock,1,8,1,6,0,1,northnorthwest,full,E. Rogan,278.183,
37,,trk,1,0,0,1,201,1,0,0,-76.4541,41.99284,128086,333472,1163.69,-76.45547,41.99017,127978,333173,0,1,0,-76.45523,41.98833,128002,332969,mixed,conifer,conifer,conifer,hemlock,1,6,1,5,0,1,west,full,E. Rogan,278.183,
37,,trk,1,0,0,1,201,1,0,0,-76.4541,41.99284,128086,333472,1163.69,-76.45547,41.99017,127978,333173,0,1,0,-76.45456,41.98483,128064,332581,mixed,conifer,conifer,conifer,hemlock,1,8,1,5,0,1,,full,E. Rogan,278.183,
37,t,37a,0,1,0,2,201,1,0,0,-76.45403,41.98993,128098,333149,670.49,-76.45403,41.98993,128098,333149,1,1,0,-76.45229,41.99012,128242,333172,,,trans,trans,"hawthorn,red maple",0.5,5,1,6,0,1,west,full,E. Rogan,303.74,
38,,,0,0,0,1,315,1,0,0,-78.01237,41.29328,-1036,254634,1221.76,-78.02303,41.28953,-1929,254218,0,0,0,,,,,decid,conifer,decid,,,,,,,,,,full,M. Schrecengost,516,
39,,,0,0,0,1,302,1,0,0,-75.73974,41.45036,188823,274525,1432.18,-75.75322,41.44702,187707,274125,0,0,0,,,,,decid,conifer,decid,,,,,,,,,,full,E. Rogan,432.925,
40,,40a,1,0,0,1,302,1,0,0,-75.39909,41.19385,218121,246838,1343.05,-75.40203,41.18762,217896,246139,1,0,0,-75.39866,41.19344,218159,246793,conif,conifer,conifer,mixed,balsam fir,0.5,16,1,8,10,0,,full,E. Rogan,593.893,
40,,40c,1,1,0,1,302,1,0,0,-75.39909,41.19385,218121,246838,1343.05,-75.40203,41.18762,217896,246139,1,1,0,-75.39874,41.19382,218151,246835,conif,conifer,conifer,mixed,balsam fir,0.5,6,1,7,0,1,,full,E. Rogan,593.893,
40,,40d,1,0,0,1,302,1,0,0,-75.39909,41.19385,218121,246838,1343.05,-75.40203,41.18762,217896,246139,1,1,0,-75.4016,41.19222,217916,246650,conif,conifer,conifer,conifer,hemlock,0.5,35,1,13,0,1,,full,E. Rogan,593.893,
40,,40e,1,0,0,1,302,1,0,0,-75.39909,41.19385,218121,246838,1343.05,-75.40203,41.18762,217896,246139,1,0,0,-75.40151,41.19253,217923,246685,conif,conifer,conifer,conifer,fir,0.5,11,1,6,0,0,,full,E. Rogan,593.893,
40,,40f,1,1,0,1,302,1,0,0,-75.39909,41.19385,218121,246838,1343.05,-75.40203,41.18762,217896,246139,1,1,0,-75.40086,41.19259,217977,246693,conif,conifer,conifer,conifer,cedar (??),0.5,3,1,4,10,0,,full,E. Rogan,593.893,
40,,trk,1,0,0,1,302,1,0,0,-75.39909,41.19385,218121,246838,1343.05,-75.40203,41.18762,217896,246139,0,1,0,-75.40152,41.1924,217923,246671,conif,conifer,conifer,trans/mixed,"beech,birch,stripped maple,red maple",0.5,10,1,3,0,0,,full,E. Rogan,593.893,
40,,trk,1,0,0,1,302,1,0,0,-75.39909,41.19385,218121,246838,1343.05,-75.40203,41.18762,217896,246139,0,1,0,-75.40026,41.19274,218027,246712,conif,conifer,conifer,trans/mixed,"birch,fir,maple,oak",0.5,12,1,6,0,0,,full,E. Rogan,593.893,
40,,trk,1,0,0,1,302,1,0,0,-75.39909,41.19385,218121,246838,1343.05,-75.40203,41.18762,217896,246139,0,1,0,-75.39986,41.19265,218061,246703,conif,conifer,conifer,mixed/trans understory,"beech,hemlock,birch,red maple,oak,balsam fir",0.5,12,1,6,10,0,,full,E. Rogan,593.893,
40,,trk,1,0,0,1,302,1,0,0,-75.39909,41.19385,218121,246838,1343.05,-75.40203,41.18762,217896,246139,0,1,0,-75.39933,41.19302,218104,246745,conif,conifer,conifer,mixed,"beech,birch,fir,maple",0.5,7,1,7,0,0,,full,E. Rogan,593.893,
40,,trk,1,0,0,1,302,1,0,0,-75.39909,41.19385,218121,246838,1343.05,-75.40203,41.18762,217896,246139,0,1,0,-75.39921,41.19291,218115,246733,conif,conifer,conifer,mixed/trans,"beech,birch,fir,maple",0.5,8,1,4,0,0,,full,E. Rogan,593.893,
40,,r1,1,1,0,1,325,1,1,0,-75.39909,41.19385,218121,246838,1046.9,-75.40193,41.18768,217904,246146,1,0,0,-75.40158,41.19063,217923,246474,conif,conifer,conifer,trans,Beech,0.2,18,1,3,5,1,east,,B. Carlson,593.893,
40,,r2,1,0,0,1,325,1,1,0,-75.39909,41.19385,218121,246838,1046.9,-75.40193,41.18768,217904,246146,1,0,0,-75.4016,41.1919,217917,246615,conif,conifer,conifer,trans,Hemlock,0.2,5,1,5,70,1,east,,B. Carlson,593.893,
40,,r3,1,0,0,1,325,1,1,0,-75.39909,41.19385,218121,246838,1046.9,-75.40193,41.18768,217904,246146,1,1,0,-75.40166,41.1923,217911,246659,conif,conifer,conifer,trans,Beech,0.2,4,1,3,65,1,east,,B. Carlson,593.893,
40,,,0,0,0,1,414,1,1,0,-75.39909,41.19385,218121,246838,1103.65,-75.402,41.18777,217898,246155,0,0,0,,,,,conif,conifer,conifer,,,,,,,,,,partial,M. Schrecengost,593.893,
41,,,0,0,0,1,219,1,0,0,-77.86342,41.74478,11360,304794,1057.93,-77.88613,41.7422,9472,304505,0,0,0,,,,,decid,conifer,decid,,,,,,,,,,full,B. Carlson,764.732,
41,t,,0,0,0,2,219,1,0,0,-77.8872,41.71975,9386,302011,1071.38,-77.8872,41.71975,9386,302011,0,0,0,,,,,,,trans,,,,,,,,,,full,B. Carlson,765.838,
42,,,0,0,0,1,315,1,0,0,-76.24214,41.35557,147071,263033,1421.12,-76.23537,41.35942,147628,263472,0,0,0,,,,,decid,conifer,conifer,,,,,,,,,,partial,E. Rogan,677.064,
43,,,0,0,0,1,321,1,0,0,-76.38812,41.17023,135239,242214,1672.8,-76.39307,41.16937,134825,242111,0,0,0,,,,,mixed,conifer,conifer,,,,,,,,,,full,E. Rogan,272.382,
44,,,0,0,0,1,308,1,0,0,-76.95359,41.49437,87367,277494,1044.69,-76.96122,41.48497,86742,276442,0,0,0,,,,,conif,conifer,decid,,,,,,,,,,no,B. Carlson,349.147,
45,,,0,0,0,1,329,1,0,0,-78.59321,41.31899,-49661,257658,1394.14,-78.5954,41.32638,-49839,258481,0,0,0,,,,,mixed,conifer,mixed,,,,,,,,,,no,M. Schrecengost,575.06,
46,,a,0,1,0,1,220,1,0,0,-75.92174,41.47333,173561,276698,1528.33,-75.92368,41.4711,173405,276447,1,0,0,-75.92125,41.47273,173603,276633,mixed,conifer,conifer,mixed,"hemlock,white pine,beech,birch,maple",1,15,1,8,0,0,west,full,E. Rogan,315.977,
46,,b,0,1,0,1,220,1,0,0,-75.92174,41.47333,173561,276698,1528.33,-75.92368,41.4711,173405,276447,1,0,0,-75.92032,41.4695,173690,276276,mixed,conifer,conifer,"mixed, more conifer","hemlock,beech,maple",1,12,1,8,0,0,west,full,E. Rogan,315.977,
46,t,,0,0,0,2,220,1,0,0,-75.92478,41.46621,173326,275902,815.2,-75.92478,41.46622,173326,275903,0,0,0,,,,,,,trans,,,,,,,,,,full,E. Rogan,319.79,
47,,,0,0,0,1,317,1,0,0,-77.95817,41.39257,3498,265664,1106.68,-77.95335,41.39643,3901,266093,0,0,0,,,,,decid,conifer,conifer,,,,,,,,,,full,M. Schrecengost,451.884,
48,,,0,0,0,1,0,0,0,1,-75.92628,41.18124,173952,244254,0,,,,,0,0,0,,,,,,,,,,,,,,,,,,,399.906,
49,,trk,1,0,0,1,218,1,0,0,-76.56141,41.42221,120240,269945,1093.25,-76.53263,41.43728,122617,271659,0,1,0,-76.53496,41.4333,122430,271214,mixed,conifer,conifer,mixed,"hemlock, pine, br",2.5,15,1,7,0,1,northnortheast,full,E. Rogan,554.504,
50,,,0,0,0,1,329,1,0,0,-77.50145,41.46493,41644,273819,1033.09,-77.4991,41.47142,41836,274541,0,0,0,,,,,conif,conifer,mixed,,,,,,,,,,no,B. Carlson,303.126,
51,,1,1,1,0,1,304,1,0,0,-77.33779,41.78241,55047,309173,1042.34,-77.33783,41.78747,55040,309735,1,0,0,-77.33789,41.78694,55035,309677,mixed,conifer,mixed,Mixed/trans,White Pine,0.3,15,1,5,0,1,west,partial,B. Carlson,416.592,
51,,3,1,1,0,1,304,1,0,0,-77.33779,41.78241,55047,309173,1042.34,-77.33783,41.78747,55040,309735,1,0,0,-77.33831,41.7825,55004,309183,mixed,conifer,mixed,Mixed/trans,White Pine,0.2,10,1,5,10,1,west,partial,B. Carlson,416.592,
51,,4,0,1,0,1,304,1,0,0,-77.33779,41.78241,55047,309173,1042.34,-77.33783,41.78747,55040,309735,1,0,0,-77.33847,41.7818,54991,309105,mixed,conifer,mixed,Mixed/trans,White Pine,0.2,10,1,8,15,1,west,partial,B. Carlson,416.592,
51,,5,0,1,0,1,304,1,0,0,-77.33779,41.78241,55047,309173,1042.34,-77.33783,41.78747,55040,309735,1,0,0,-77.33878,41.78078,54966,308992,mixed,conifer,mixed,Mixed/trans,White Pine,0.2,10,1,5,5,1,west,partial,B. Carlson,416.592,
51,,6,0,1,0,1,304,1,0,0,-77.33779,41.78241,55047,309173,1042.34,-77.33783,41.78747,55040,309735,1,0,0,-77.33907,41.77909,54944,308804,mixed,conifer,mixed,Mixed/trans,Red Maple,0.2,10,1,12,15,1,,partial,B. Carlson,416.592,
52,,,0,0,0,1,131,1,0,0,-76.65812,41.89842,111345,322706,489.95,-76.65227,41.90275,111823,323194,0,0,0,,,,,mixed,conifer,conifer,,,,,,,,,,full,E. Rogan,487.999,
52,t,a,0,1,0,2,131,1,0,0,-76.65246,41.90168,111809,323075,597.5,-76.65247,41.90168,111808,323075,1,0,0,-76.6508,41.90091,111948,322992,,,trans,trans,hawthorn,1,7,1,6,0,1,north,full,E. Rogan,499.114,
52,t,b,0,1,0,2,131,1,0,0,-76.65246,41.90168,111809,323075,597.5,-76.65247,41.90168,111808,323075,1,0,0,-76.65083,41.9011,111945,323013,,,trans,mixed/trans,"hawthorn,white pine",1,6,1,6,0,1,none,full,E. Rogan,499.114,
52,t,c,0,1,0,2,131,1,0,0,-76.65246,41.90168,111809,323075,597.5,-76.65247,41.90168,111808,323075,1,0,0,-76.65081,41.9014,111946,323046,,,trans,trans,"red maple,white pine",1,5,1,6,0,1,none,full,E. Rogan,499.114,
52,t,d,0,1,0,2,131,1,0,0,-76.65246,41.90168,111809,323075,597.5,-76.65247,41.90168,111808,323075,1,0,0,-76.65228,41.90275,111822,323194,,,trans,trans,"white pine, red maple",1,6,1,6,0,1,,full,E. Rogan,499.114,
53,,,0,0,0,1,304,1,0,0,-76.00268,41.17602,167558,243525,1070.01,-76.00588,41.17407,167294,243303,0,0,0,,,,,mixed,conifer,conifer,,,,,,,,,,partial,E. Rogan,267.261,
54,,trk,1,0,0,1,315,1,0,0,-76.41161,41.30403,132998,257037,1291.16,-76.4113,41.30368,133024,256999,0,0,1,-76.41113,41.30315,133040,256940,trans,conifer,mixed,mixed,"hemlock,beech,birch,stripped maple",0.5,12,1,5,0,1,west,partial,E. Rogan,369.161,hare was predated
54,,b,0,1,0,1,315,1,0,0,-76.41161,41.30403,132998,257037,1291.16,-76.4113,41.30368,133024,256999,1,0,0,-76.41126,41.30345,133028,256974,trans,conifer,mixed,mixed,"beech,birch,maple,hemlock",0.5,9,1,4,0,1,west,partial,E. Rogan,369.161,
54,,c,0,1,0,1,315,1,0,0,-76.41161,41.30403,132998,257037,1291.16,-76.4113,41.30368,133024,256999,1,0,0,-76.41183,41.30349,132980,256977,trans,conifer,mixed,conifer,"hemlock,beech,birch,rubus",0.5,8,1,6,0,1,west,partial,E. Rogan,369.161,
54,,d,0,1,0,1,315,1,0,0,-76.41161,41.30403,132998,257037,1291.16,-76.4113,41.30368,133024,256999,1,0,0,-76.41214,41.30346,132955,256973,trans,conifer,mixed,conifer/trans,"hemlock,stripped maple,birch,beech",0.5,12,1,6,0,1,west,partial,E. Rogan,369.161,
54,,e,0,1,0,1,315,1,0,0,-76.41161,41.30403,132998,257037,1291.16,-76.4113,41.30368,133024,256999,1,0,0,-76.4124,41.30351,132933,256979,trans,conifer,mixed,mixed,"hemlock,maple,beech,birch",0.5,8,1,5,0,1,west,partial,E. Rogan,369.161,
54,,f,0,1,0,1,315,1,0,0,-76.41161,41.30403,132998,257037,1291.16,-76.4113,41.30368,133024,256999,1,0,0,-76.41428,41.30359,132775,256985,trans,conifer,mixed,mixed/trans,"beech,hemlock,birch",0.5,8,1,3,0,1,west,partial,E. Rogan,369.161,
55,,,0,0,0,1,406,1,0,0,-78.01932,41.56503,-1611,284819,919.37,-78.0255,41.56352,-2127,284652,0,0,0,,,,,conif,conifer,conifer,,,,,,,,,,no,B. Carlson,475.427,
56,,,0,0,0,1,204,1,0,0,-75.66507,41.85662,193853,319799,1336.28,-75.66705,41.85477,193695,319589,0,0,0,,,,,mixed,conifer,conifer,,,,,,,,,,full,E. Rogan,433.794,
56,t,,0,0,0,2,204,1,0,0,-75.66483,41.86702,193842,320954,327.05,-75.66483,41.86072,193861,320255,0,0,0,,,,,,,trans,,,,,,,,,,full,E. Rogan,489.335,
57,,,0,0,0,1,407,1,0,0,-78.06063,41.35401,-5073,261381,1246.69,-78.05828,41.36103,-4876,262161,0,0,0,,,,,mixed,conifer,conifer,,,,,,,,,,,M. Schrecengost,305.439,
58,,,0,0,0,1,309,1,0,0,-75.44711,41.7448,212307,307890,1222.69,-75.44815,41.74855,212209,308304,0,0,0,,,,,decid,conifer,conifer,,,,,,,,,,partial,E. Rogan,576.914,
59,,59c,1,1,0,1,305,1,0,0,-76.17122,41.60567,152422,290929,1602.91,-76.17173,41.60295,152386,290626,1,0,0,-76.16655,41.59944,152825,290245,decid,conifer,conifer,conifer,"hemlock,ash(?),stripped maple",0.5,13,1,10,0,0,,partial,E. Rogan,365.647,
60,,,0,0,0,1,312,1,0,0,-78.2895,41.08869,-24321,231950,624.11,-78.28362,41.09328,-23825,232458,0,0,0,,,,,mixed,conifer,conifer,,,,,,,,,,full,M. Schrecengost,469.146,
61,,,0,0,0,1,318,1,0,0,-78.72863,41.71532,-60631,301766,1079.71,-78.7252,41.71802,-60343,302063,0,0,0,,,,,decid,trans,trans,,,,,,,,,,,B. Carlson,602.642,
62,,,0,0,0,1,216,1,0,0,-78.68318,41.9624,-56634,329179,1072.23,-78.68653,41.96012,-56914,328928,0,0,0,,,,,decid,trans,trans,,,,,,,,,,full,B. Carlson,604.045,
63,,2,0,0,1,1,220,1,0,0,-78.38037,41.2137,-31894,245864,1127.99,-78.37403,41.21277,-31363,245759,1,0,0,-78.37651,41.21232,-31571,245710,decid,trans,trans,trans,"cherry,beech",0.5,3,1,5,0,0,,full,J. Vreeland,591.609,
63,,4,0,1,1,1,220,1,0,0,-78.38037,41.2137,-31894,245864,1127.99,-78.37403,41.21277,-31363,245759,1,0,0,-78.37755,41.21338,-31658,245828,decid,trans,trans,trans,"cherry,beech",0.5,3,1,5,0,0,,full,J. Vreeland,591.609,
63,,6,1,1,0,1,220,1,0,0,-78.38037,41.2137,-31894,245864,1127.99,-78.37403,41.21277,-31363,245759,1,0,0,-78.37844,41.21398,-31732,245895,decid,trans,trans,trans,"cherry,beech",0.5,3,1,5,0,0,,full,J. Vreeland,591.609,
63,,8,1,1,0,1,220,1,0,0,-78.38037,41.2137,-31894,245864,1127.99,-78.37403,41.21277,-31363,245759,1,0,0,-78.38187,41.21385,-32020,245881,decid,trans,trans,trans,"cherry,beech",0.5,3,1,5,0,0,,full,J. Vreeland,591.609,
64,,,0,0,0,1,205,1,0,0,-78.76966,41.92434,-63840,325011,1100.5,-78.77128,41.92473,-63974,325055,0,0,0,,,,,decid,trans,trans,,,,,,,,,,full,B. Carlson,681.242,
65,,1,0,1,1,1,116,1,0,0,-79.46086,41.52555,-121909,281453,956.3,-79.46172,41.52262,-121986,281129,1,0,0,-79.4615,41.52341,-121966,281216,decid,trans,trans,Trans,Sweet birch,0.5,3,1,5,0,1,south,full,B. Carlson,468.948,
65,,2,0,0,1,1,116,1,0,0,-79.46086,41.52555,-121909,281453,956.3,-79.46172,41.52262,-121986,281129,1,0,0,-79.46103,41.52664,-121921,281574,decid,trans,trans,Trans,Sweet birch,0.5,3,1,5,0,0,south,full,B. Carlson,468.948,
65,,3,0,0,1,1,116,1,0,0,-79.46086,41.52555,-121909,281453,956.3,-79.46172,41.52262,-121986,281129,1,0,0,-79.46094,41.52749,-121912,281669,decid,trans,trans,Trans,Sweet birch,0.5,3,1,5,0,0,south,full,B. Carlson,468.948,
67,,,0,0,0,1,202,1,0,0,-78.66214,41.91081,-54933,323435,1127.98,-78.67668,41.9024,-56147,322510,1,0,0,,,,,decid,trans,trans,,,,,,,,,,full,B. Carlson,623.314,
68,,,0,0,0,1,204,1,0,0,-78.96265,41.89957,-79878,322418,1050.07,-78.98663,41.89345,-81875,321761,0,0,0,,,,,decid,trans,decid,,,,,,,,,,full,B. Carlson,494.413,
69,,,0,0,0,1,201,1,0,0,-78.97843,41.63073,-81521,292573,1025.85,-78.9721,41.63182,-80993,292688,0,0,0,,,,,decid,trans,trans,,,,,,,,,,full,B. Carlson,554.497,
70,,,0,0,0,1,123,1,0,0,-76.22952,41.47128,147866,275904,1030.1,-76.23383,41.47328,147501,276119,0,0,0,,,,,trans,trans,trans,,,,,,,,,,full,E. Rogan,683.182,
72,,1,0,1,0,1,216,1,0,0,-78.68852,41.93557,-57100,326202,1296.71,-78.69293,41.93405,-57467,326036,1,0,0,-78.69134,41.93208,-57337,325816,decid,trans,trans,Mixed,hemlock,5,15,4,10,0,1,south,full,B. Carlson,552.246,
73,,,0,0,0,1,405,1,0,0,-78.21689,41.31536,-18158,257109,1311.49,-78.21405,41.31235,-17921,256774,0,0,0,,,,,trans,trans,decid,,,,,,,,,,no,M. Schrecengost,476.478,
74,,1,0,1,0,1,209,1,0,0,-78.67961,41.85349,-56432,317080,1046.67,-78.68345,41.85112,-56753,316819,1,0,0,-78.6834,41.85125,-56749,316833,trans,trans,trans,Trans,Black cherry,0.2,1,4,8,0,0,west,full,B. Carlson,559.789,
74,,2,0,1,0,1,209,1,0,0,-78.67961,41.85349,-56432,317080,1046.67,-78.68345,41.85112,-56753,316819,1,0,0,-78.6833,41.85133,-56741,316842,trans,trans,trans,Trans,Cherry,0.2,1,4,8,0,0,west,full,B. Carlson,559.789,
74,,1,0,1,0,1,407,1,1,0,-78.67961,41.85349,-56432,317080,1121.89,-78.68345,41.85115,-56753,316822,1,0,0,-78.68342,41.85124,,,trans,trans,trans,trans,cherry,0.1,1,5,10,0,0,west,no,B. Carlson,559.789,
75,,trk,1,0,0,1,120,1,0,0,-78.97917,41.52155,-81719,280447,1083.86,-78.97298,41.5229,-81201,280592,0,1,0,-78.98081,41.52009,-81858,280287,decid,trans,trans,trans,Sweet birch,0.3,1,1,4,0,0,south,full,B. Carlson,545.214,
76,,,0,0,0,1,315,1,0,0,-78.97653,41.86606,-81071,318709,1067.11,-78.97993,41.86365,-81356,318445,0,0,0,,,,,trans,trans,decid,,,,,,,,,,no,B. Carlson,455.566,
77,,2,1,0,0,1,213,1,0,0,-79.0951,41.59619,-91290,288852,1118.22,-79.09143,41.59845,-90981,289100,1,0,0,-79.09159,41.59743,-90996,288986,decid,trans,trans,trans,Birch,0.2,0.6,1,2,0,0,southwest,full,B. Carlson,527.163,
77,,3,0,1,0,1,213,1,0,0,-79.0951,41.59619,-91290,288852,1118.22,-79.09143,41.59845,-90981,289100,1,0,0,-79.09168,41.59732,-91003,288974,decid,trans,trans,Trans,RM,0.2,0.6,1,2,0,0,southwest,full,B. Carlson,527.163,
77,,4,1,0,0,1,213,1,0,0,-79.0951,41.59619,-91290,288852,1118.22,-79.09143,41.59845,-90981,289100,1,0,0,-79.09187,41.59707,-91019,288947,decid,trans,trans,trans,Birch,0.2,0.6,1,2,0,0,southwest,full,B. Carlson,527.163,
77,,6,1,0,0,1,213,1,0,0,-79.0951,41.59619,-91290,288852,1118.22,-79.09143,41.59845,-90981,289100,1,0,0,-79.09203,41.59587,-91034,288814,decid,trans,trans,trans,Birch,0.2,0.5,1,2,0,0,southwest,full,B. Carlson,527.163,
77,,8,1,0,0,1,213,1,0,0,-79.0951,41.59619,-91290,288852,1118.22,-79.09143,41.59845,-90981,289100,1,0,0,-79.09348,41.59592,-91155,288821,decid,trans,trans,trans,Birch,0.2,0.7,1,2,0,0,north,full,B. Carlson,527.163,
77,,r1,1,1,0,1,408,1,1,0,-79.0951,41.59619,-91290,288852,1022.03,-79.0915,41.59845,-90987,289100,1,0,0,-79.09149,41.59836,-90986,289090,decid,trans,trans,trans,birch,0.1,0.7,1,2,0,0,south,no,B. Carlson,527.163,
77,,r3,1,1,0,1,408,1,1,0,-79.0951,41.59619,-91290,288852,1022.03,-79.0915,41.59845,-90987,289100,1,0,0,-79.09172,41.59709,-91007,288949,decid,trans,trans,trans,cherry,0.1,0.5,1,2,0,0,south,no,B. Carlson,527.163,
77,,r4,1,1,0,1,408,1,1,0,-79.0951,41.59619,-91290,288852,1022.03,-79.0915,41.59845,-90987,289100,1,0,0,-79.09225,41.5957,-91053,288795,decid,trans,trans,trans,birch,0.1,0.5,1,2,0,0,west,no,B. Carlson,527.163,
77,,r5,0,1,0,1,408,1,1,0,-79.0951,41.59619,-91290,288852,1022.03,-79.0915,41.59845,-90987,289100,1,0,0,-79.09345,41.59587,-91153,288815,decid,trans,trans,trans,red maple,0.1,1,1,4,0,0,northwest,no,B. Carlson,527.163,
77,,r6,1,1,0,1,408,1,1,0,-79.0951,41.59619,-91290,288852,1022.03,-79.0915,41.59845,-90987,289100,1,0,0,-79.09533,41.59618,-91309,288852,decid,trans,trans,trans,birch,0.1,1,1,2,0,0,north,no,B. Carlson,527.163,
78,,,0,0,0,1,315,1,0,0,-79.01064,41.97385,-83764,330713,1032.35,-79.01345,41.97177,-84000,330485,0,0,0,,,,,decid,trans,trans,,,,,,,,,,partial,B. Carlson,625.916,
79,,1,0,1,0,1,212,1,0,0,-78.9002,41.38994,-75279,265759,1285.21,-78.90418,41.38635,-75616,265363,1,0,0,-78.89648,41.38713,-74971,265443,decid,trans,trans,Trans,Sweet birch,0.3,1,1,3,65,1,east,full,B. Carlson,468.429,
80,,,0,0,0,1,318,1,0,0,-79.35015,41.62504,-112500,292354,1059.68,-79.3556,41.62528,-112954,292388,0,0,0,,,,,decid,trans,mixed,,,,,,,,,,,B. Carlson,403.67,
81,,,0,0,0,1,309,1,1,0,-78.2773,41.16885,-23268,240850,849.68,-78.2773,41.16885,-23268,240850,0,0,0,,,,,decid,trans,decid,,,,,,,,,,partial,M. Schrecengost,612.041,
81,,,0,0,0,1,309,1,0,0,-78.28895,41.13769,-24257,237392,1230.63,-78.29047,41.13992,-24383,237640,0,0,0,,,,,decid,trans,decid,,,,,,,,,,no,M. Schrecengost,519.737,
82,,1,1,0,0,1,201,1,0,0,-78.90199,41.65033,-75130,294682,,,,,,1,0,0,-78.90138,41.6525,-75077,294922,decid,trans,trans,trans,Beech,0.2,1,0,1,0,0,,full,B. Carlson,585.543,
82,,r1,1,1,0,1,408,1,1,0,-78.90199,41.65033,-75130,294682,1025.94,-78.9008,41.6491,-75033,294544,1,0,0,-78.90084,41.64941,-75036,294579,decid,trans,trans,trans,Beech,0.1,1,1,2,0,0,south,no,B. Carlson,585.543,
82,,r3,1,0,0,1,408,1,1,0,-78.90199,41.65033,-75130,294682,1025.94,-78.9008,41.6491,-75033,294544,1,0,0,-78.90105,41.65122,-75051,294780,decid,trans,trans,trans,beech/birch,0.1,1,1,2,0,0,southwest,no,B. Carlson,585.543,
82,,r4,1,1,0,1,408,1,1,0,-78.90199,41.65033,-75130,294682,1025.94,-78.9008,41.6491,-75033,294544,1,0,0,-78.90103,41.65208,-75048,294875,decid,trans,trans,trans,birch,0.1,2,1,2,0,0,south,no,B. Carlson,585.543,
83,,,0,0,0,1,203,1,0,0,-79.32147,41.41174,-110469,268628,1073.89,-79.32165,41.41458,-110479,268943,0,0,0,,,,,decid,trans,trans,,,,,,,,,,full,B. Carlson,482.773,
84,,,0,0,0,1,129,1,0,0,-78.78397,41.78168,-65169,309176,1034.34,-78.78183,41.78237,-64991,309251,0,0,0,,,,,decid,trans,decid,,,,,,,,,,full,B. Carlson,496.216,
85,,,0,0,0,1,317,1,0,0,-78.90966,41.81182,-75582,312625,1060,-78.8774,41.81515,-72898,312967,0,0,0,,,,,decid,trans,decid,,,,,,,,,,full,B. Carlson,519.9,
86,,,0,0,0,1,203,1,0,0,-79.25146,41.43968,-104573,271645,1080.22,-79.24962,41.43855,-104421,271517,0,0,0,,,,,trans,trans,trans,,,,,,,,,,full,B. Carlson,508.261,
88,,,0,0,0,1,310,1,0,0,-78.31329,41.20951,-26271,245377,1203.21,-78.30887,41.21083,-25900,245522,0,0,0,,,,,decid,trans,trans,,,,,,,,,,partial,M. Schrecengost,620.041,
89,,,0,0,0,1,225,1,0,0,-79.40228,41.74765,-116625,306040,1210.35,-79.40558,41.747,-116901,305972,0,0,0,,,,,decid,trans,trans,,,,,,,,,,full,B. Carlson,493.47,
90,,1,1,0,0,1,227,1,0,0,-77.76998,41.86008,19098,317617,1108.01,-77.76118,41.85073,19832,316581,1,1,0,-77.76142,41.85215,19811,316738,decid,trans,trans,trans,Stripped Maple,0.2,10,1,5,0,0,north,full,B. Carlson,722.126,
90,,2,1,1,0,1,227,1,0,0,-77.76998,41.86008,19098,317617,1108.01,-77.76118,41.85073,19832,316581,1,1,0,-77.76316,41.85197,19667,316718,decid,trans,trans,trans,stripped maple,0.2,12,1,5,0,0,southwest,full,B. Carlson,722.126,
90,,3,0,1,0,1,227,1,0,0,-77.76998,41.86008,19098,317617,1108.01,-77.76118,41.85073,19832,316581,1,0,0,-77.76369,41.8514,19623,316654,decid,trans,trans,Trans,red maple,0.2,15,1,5,0,0,northwest,full,B. Carlson,722.126,
90,,4,0,1,0,1,227,1,0,0,-77.76998,41.86008,19098,317617,1108.01,-77.76118,41.85073,19832,316581,1,0,0,-77.76478,41.85042,19533,316545,decid,trans,trans,Trans,Birch,0.2,10,1,4,0,0,west,full,B. Carlson,722.126,
91,,,0,0,0,1,119,1,0,0,-78.3588,41.98405,-29734,331423,1177.13,-78.36533,41.98467,-30275,331494,0,0,0,,,,,conif,trans,trans,,,,,,,,,,full,B. Carlson,435.663,
92,,,0,0,0,1,217,1,0,0,-79.25327,41.37493,-104827,264455,1178.2,-79.25592,41.37693,-105045,264681,0,0,0,,,,,decid,trans,trans,,,,,,,,,,full,B. Carlson,472.401,
93,,,0,0,0,1,212,1,0,0,-78.85025,41.31346,-71185,257222,1145.94,-78.85328,41.31123,-71441,256977,0,0,0,,,,,decid,trans,decid,,,,,,,,,,full,B. Carlson,538,
94,,1,0,1,0,1,129,1,0,0,-78.84859,41.79474,-70527,310677,1136.16,-78.85102,41.79473,-70729,310678,1,0,0,-78.84939,41.79295,-70595,310479,decid,trans,trans,Trans,Am Beech,0.2,0.6,1,2,0,0,east,full,B. Carlson,614.816,
94,,2,0,1,0,1,129,1,0,0,-78.84859,41.79474,-70527,310677,1136.16,-78.85102,41.79473,-70729,310678,1,0,0,-78.84628,41.79532,-70334,310739,decid,trans,trans,Trans,Am Beech,0.2,0.6,1,3,0,0,southwest,full,B. Carlson,614.816,
94,,3,0,1,0,1,129,1,0,0,-78.84859,41.79474,-70527,310677,1136.16,-78.85102,41.79473,-70729,310678,1,0,0,-78.84649,41.79548,-70351,310757,decid,trans,trans,Trans,Am Beech,0.2,0.6,1,3,0,0,southwest,full,B. Carlson,614.816,
94,,4,0,1,0,1,407,1,1,0,-78.84859,41.79474,-70527,310677,1136.16,-78.85102,41.79473,-70729,310678,1,0,0,-78.85155,41.79355,-70774,310547,decid,trans,trans,,,0,0,0,0,0,,,full,B. Carlson,614.816,
94,,1,1,1,0,1,407,1,1,0,-78.84859,41.79474,-70527,310677,1118.55,-78.8511,41.79475,-70735,310680,1,0,0,-78.85114,41.79444,-70739,310646,decid,trans,trans,trans,Beech,0.1,1,1,2,0,0,north,no,B. Carlson,614.816,
94,,5,1,1,0,1,407,1,1,0,-78.84859,41.79474,-70527,310677,1118.55,-78.8511,41.79475,-70735,310680,1,0,0,-78.85002,41.79282,-70648,310465,decid,trans,trans,trans,Beech,0.1,1,1,2,0,0,southwest,no,B. Carlson,614.816,
94,,6,0,1,0,1,407,1,1,0,-78.84859,41.79474,-70527,310677,1118.55,-78.8511,41.79475,-70735,310680,1,0,0,-78.84944,41.79292,-70599,310475,decid,trans,trans,trans,beech,0.1,1,1,2,0,0,southeast,no,B. Carlson,614.816,
94,,7,1,1,0,1,407,1,1,0,-78.84859,41.79474,-70527,310677,1118.55,-78.8511,41.79475,-70735,310680,1,0,0,-78.8473,41.7947,-70420,310671,decid,trans,trans,trans,Beech,0.1,1,1,8,0,0,southeast,no,B. Carlson,614.816,
94,,8,0,1,0,1,407,1,1,0,-78.84859,41.79474,-70527,310677,1118.55,-78.8511,41.79475,-70735,310680,1,0,0,-78.8463,41.79531,-70336,310738,decid,trans,trans,trans,beech/stripped maple,0.1,1,1,3,0,0,southwest,no,B. Carlson,614.816,
94,,9,0,1,0,1,407,1,1,0,-78.84859,41.79474,-70527,310677,1118.55,-78.8511,41.79475,-70735,310680,1,0,0,-78.84715,41.79631,-70405,310850,decid,trans,trans,trans,beech,0.1,1,1,4,0,0,west,no,B. Carlson,614.816,
95,,1,0,1,0,1,302,1,0,0,-77.37138,41.97429,52102,330465,772.96,-77.37562,41.97412,51750,330444,1,0,0,-77.37503,41.97442,51799,330478,trans,trans,trans,Trans,Oak,0.2,15,1,20,0,1,Flat,partial,B. Carlson,355.954,
95,,2,0,1,0,1,302,1,0,0,-77.37138,41.97429,52102,330465,772.96,-77.37562,41.97412,51750,330444,1,0,0,-77.37255,41.97604,52003,330659,trans,trans,trans,Trans,Birch,0.2,15,1,20,0,1,Flat,partial,B. Carlson,355.954,
96,,1,0,1,0,1,118,1,0,0,-79.21547,41.54984,-101395,283837,1049.46,-79.21832,41.54423,-101642,283217,1,0,0,-79.21478,41.54476,-101345,283272,decid,trans,trans,Trans,,0.5,2,1,4,0,1,west,full,B. Carlson,442.35,
96,,2,0,1,0,1,118,1,0,0,-79.21547,41.54984,-101395,283837,1049.46,-79.21832,41.54423,-101642,283217,1,0,0,-79.20718,41.54039,-100718,282778,decid,trans,trans,Trans,Sweet birch,0.3,3,1,5,0,1,,full,B. Carlson,442.35,
99,,,0,0,0,1,119,1,0,0,-78.639,41.97894,-52958,330988,1026.49,-78.63857,41.97842,-52923,330930,0,0,0,,,,,decid,trans,trans,,,,,,,,,,full,B. Carlson,579.598,
100,,,0,0,0,1,121,1,0,0,-79.07063,41.84509,-88911,316472,1105,-79.07248,41.84117,-89070,316038,0,0,0,,,,,decid,trans,decid,,,,,,,,,,full,B. Carlson,481.607,
101,,,0,0,0,1,205,1,0,0,-74.86248,41.42688,262176,274183,1673.76,-74.87008,41.43553,261507,275120,0,0,0,,,,,decid,trans,trans,,,,,,,,,,full,E. Rogan,387.305,
102,,,0,0,0,1,202,1,0,0,-78.67194,41.88481,-55769,320553,1055.09,-78.6745,41.8856,-55980,320643,0,0,0,,,,,decid,trans,decid,,,,,,,,,,full,B. Carlson,605.643,
102,t,,0,0,0,2,202,1,0,0,-78.66266,41.88358,-54999,320411,407.45,-78.66267,41.88358,-55000,320411,0,0,0,,,,,,,trans,,,,,,,,,,full,B. Carlson,507.479,
104,,1,0,1,0,1,209,1,0,0,-78.75292,41.83239,-62540,314786,1091.77,-78.75148,41.83395,-62419,314958,1,0,0,-78.75298,41.83426,-62543,314994,decid,trans,trans,Trans,Beech,0.5,1,1,4,0,0,north,full,B. Carlson,643.477,
104,,2,1,1,0,1,209,1,0,0,-78.75292,41.83239,-62540,314786,1091.77,-78.75148,41.83395,-62419,314958,1,0,0,-78.75248,41.83058,-62505,314584,decid,trans,trans,trans,Beech,0.3,1,1,3,0,1,northwest,full,B. Carlson,643.477,
104,,trk,1,0,0,1,209,1,0,0,-78.75292,41.83239,-62540,314786,1091.77,-78.75148,41.83395,-62419,314958,0,1,0,-78.75255,41.83025,-62511,314548,decid,trans,trans,trans,Beech,0.3,1,1,5,0,1,northwest,full,B. Carlson,643.477,
104,,3,1,1,0,1,209,1,0,0,-78.75292,41.83239,-62540,314786,1091.77,-78.75148,41.83395,-62419,314958,1,0,1,-78.75272,41.83001,-62525,314521,decid,trans,trans,trans,Beech,0.3,1,1,2,0,1,northwest,full,B. Carlson,643.477,
104,,r1,1,1,0,1,318,1,1,0,-78.75292,41.83239,-62540,314786,1272.8,-78.7522,41.83053,-62482,314579,1,0,0,-78.75284,41.83433,-62531,315001,decid,trans,trans,trans,Beech,0.1,4,1,6,0,1,east,full,E. Rogan,643.477,
104,,R2,0,1,0,1,318,1,1,0,-78.75292,41.83239,-62540,314786,1272.8,-78.7522,41.83053,-62482,314579,1,0,0,-78.75336,41.83434,-62574,315003,decid,trans,trans,trans,"beech, birch",0.1,2,1,4,0,1,east,full,E. Rogan,643.477,
104,,r3,1,1,0,1,318,1,1,0,-78.75292,41.83239,-62540,314786,1272.8,-78.7522,41.83053,-62482,314579,1,0,0,-78.75295,41.83212,-62542,314756,decid,trans,trans,trans,birch,0.1,1,1,2,0,1,southwest,full,E. Rogan,643.477,
104,,r4,1,0,0,1,318,1,1,0,-78.75292,41.83239,-62540,314786,1272.8,-78.7522,41.83053,-62482,314579,1,0,0,-78.75238,41.8304,-62497,314564,decid,trans,trans,trans,beech,0.1,3,1,12,0,1,northwest,full,E. Rogan,643.477,
104,,104r-a,1,1,0,1,407,1,1,0,-78.75292,41.83239,-62540,314786,1068.76,-78.75148,41.83395,-62419,314958,1,1,0,-78.75648,41.83393,-62834,314959,decid,trans,trans,trans,"beech,birch,hemlock,maple",0.5,10,1,6,0,1,,no,B. Carlson,643.477,
104,,,0,0,0,1,412,1,1,0,-78.75292,41.83239,-62540,314786,1230.77,-78.7515,41.83397,-62420,314960,0,0,0,,,,,decid,trans,trans,,,,,,,,,,no,M. Schrecengost,643.477,
107,,1,0,1,0,1,319,1,0,0,-78.80962,41.48415,-67608,276148,1035.51,-78.81083,41.47488,-67718,275120,1,0,0,-78.80987,41.47181,-67641,274778,decid,trans,trans,Trans,birch,0.4,1.5,1,3,0,0,west,,B. Carlson,537.769,
107,,3,1,1,0,1,410,1,1,0,-78.80962,41.48415,-67608,276148,1062.22,-78.81082,41.47487,-67718,275119,1,0,0,-78.80992,41.47184,-67645,274781,decid,trans,trans,trans,birch,0.1,3,1,3,0,1,west,,B. Carlson,537.769,
108,,,0,0,0,1,318,1,0,0,-79.31165,41.48559,-109525,276817,1014.71,-79.31148,41.48382,-109514,276621,0,0,0,,,,,decid,trans,trans,,,,,,,,,,,B. Carlson,500.464,
109,,,0,0,0,1,317,1,0,0,-78.84606,41.92093,-70181,324691,1048.57,-78.8462,41.92052,-70193,324645,0,0,0,,,,,decid,trans,decid,,,,,,,,,,full,B. Carlson,540.034,
110,,,0,0,0,1,129,1,0,0,-78.73706,41.76452,-61286,307236,1025.8,-78.7432,41.76437,-61797,307224,0,0,0,,,,,decid,trans,trans,,,,,,,,,,full,B. Carlson,524.201,
111,,1,1,0,0,1,225,1,0,0,-79.19992,41.70779,-99857,301362,1029.03,-79.1984,41.70978,-99728,301581,1,1,0,-79.20366,41.70647,-100170,301220,decid,trans,trans,trans,Sweet birch,0.2,0.6,1,2,0,1,southeast,full,B. Carlson,582.249,
111,,111r-a,0,1,0,1,319,1,1,0,-79.19992,41.70779,-99857,301362,1313.08,-79.20248,41.70582,-100073,301146,1,0,0,-79.19974,41.69897,-99856,300382,decid,trans,trans,trans,"beech, birch",0.5,5,1,6,0,0,,full,E. Rogan,582.249,
111,,trk,1,0,0,1,319,1,1,0,-79.19992,41.70779,-99857,301362,1313.08,-79.20248,41.70582,-100073,301146,0,1,0,-79.2002,41.69824,-99895,300302,decid,trans,trans,mix with trans understory,"hemlock,beech,maple",0.5,14,1,6,0,0,,full,E. Rogan,582.249,
111,,trk,1,0,0,1,319,1,1,0,-79.19992,41.70779,-99857,301362,1313.08,-79.20248,41.70582,-100073,301146,0,1,0,-79.20007,41.69862,-99884,300344,decid,trans,trans,mix with trans understory,"beech,hemlock,maple",0.5,13,1,15,0,0,,full,E. Rogan,582.249,
111,,trk,1,0,0,1,319,1,1,0,-79.19992,41.70779,-99857,301362,1313.08,-79.20248,41.70582,-100073,301146,0,1,0,-79.20119,41.70092,-99973,300601,decid,trans,trans,mix/tran,"beech,birch,red maple",0.5,13,1,7,0,0,,full,E. Rogan,582.249,
111,,,0,0,0,1,412,1,1,0,-79.19992,41.70779,-99857,301362,1414.03,-79.19843,41.70972,-99730,301575,0,0,0,,,,,decid,trans,trans,,,,,,,,,,no,M. Schrecengost,582.249,
112,,,0,0,0,1,119,1,0,0,-78.67998,41.99075,-56344,332325,1050.96,-78.67575,41.99,-55994,332239,0,0,0,,,,,trans,trans,trans,,,,,,,,,,full,B. Carlson,628.213,
112,t,,0,0,0,2,119,1,0,0,-78.68257,41.98987,-56560,332229,496.02,-78.68257,41.98987,-56560,332229,0,0,0,,,,,,,trans,,,,,,,,,,full,B. Carlson,586.407,
113,,1,0,1,0,1,226,1,0,0,-78.14018,41.75296,-11658,305703,1057.31,-78.1403,41.75078,-11668,305461,1,0,0,-78.13925,41.75466,-11580,305892,decid,trans,trans,Trans,Cherry,0.2,0.5,1,2,0,0,northwest,full,B. Carlson,716.997,
113,,2,1,0,0,1,226,1,0,0,-78.14018,41.75296,-11658,305703,1057.31,-78.1403,41.75078,-11668,305461,1,1,0,-78.13925,41.75466,-11580,305892,decid,trans,trans,trans,Cherry,0.2,0.5,1,2,0,0,northwest,full,B. Carlson,716.997,
114,,,0,0,0,1,211,1,0,0,-79.10189,41.82893,-91530,314709,1014.13,-79.09532,41.83158,-90980,314997,0,0,0,,,,,decid,trans,trans,,,,,,,,,,full,B. Carlson,463.965,
115,,,0,0,0,1,123,1,0,0,-78.41833,41.21698,-35075,246243,1294.94,-78.41782,41.21205,-35035,245695,0,0,0,,,,,decid,trans,trans,,,,,,,,,,full,J. Vreeland,618.782,
116,,1,1,0,0,1,210,1,0,0,-78.94286,41.7408,-78426,304766,1062.58,-78.94352,41.73727,-78485,304375,1,0,0,-78.94293,41.73742,-78436,304391,decid,trans,trans,trans,Red Maple,0.1,0.5,1,2,0,1,south,full,B. Carlson,544.082,
116,,trk,1,0,0,1,210,1,0,0,-78.94286,41.7408,-78426,304766,1062.58,-78.94352,41.73727,-78485,304375,0,1,0,-78.94358,41.73732,-78490,304380,decid,trans,trans,trans,Red Maple,0.1,0.5,2,0,4,1,south,full,B. Carlson,544.082,
116,,2,1,1,0,1,210,1,0,0,-78.94286,41.7408,-78426,304766,1062.58,-78.94352,41.73727,-78485,304375,1,0,0,-78.94359,41.7374,-78491,304389,decid,trans,trans,trans,Red Maple,0.2,0.5,1,2,0,1,south,full,B. Carlson,544.082,
116,,3,1,0,0,1,210,1,0,0,-78.94286,41.7408,-78426,304766,1062.58,-78.94352,41.73727,-78485,304375,1,0,0,-78.94362,41.73772,-78493,304425,decid,trans,trans,trans,Pin Cherry,0.2,1,1,3,0,1,south,full,B. Carlson,544.082,
116,,trk,1,0,0,1,210,1,0,0,-78.94286,41.7408,-78426,304766,1062.58,-78.94352,41.73727,-78485,304375,0,1,0,-78.94367,41.73908,-78495,304576,decid,trans,trans,trans,Black cherry,0.2,0.5,1,3,0,0,southwest,full,B. Carlson,544.082,
116,,4,1,0,0,1,210,1,0,0,-78.94286,41.7408,-78426,304766,1062.58,-78.94352,41.73727,-78485,304375,1,0,0,-78.93784,41.74183,-78007,304876,decid,trans,trans,trans,Red Maple,0.1,0.4,1,2,0,0,northeast,full,B. Carlson,544.082,
116,,5,1,0,0,1,210,1,0,0,-78.94286,41.7408,-78426,304766,1062.58,-78.94352,41.73727,-78485,304375,1,0,0,-78.93778,41.74201,-78002,304896,decid,trans,trans,trans,Red Maple,0.1,0.4,1,2,0,0,northeast,full,B. Carlson,544.082,
116,,6,1,1,0,1,210,1,0,0,-78.94286,41.7408,-78426,304766,1062.58,-78.94352,41.73727,-78485,304375,1,0,0,-78.93785,41.74228,-78007,304926,decid,trans,trans,trans,Red Maple,0.1,0.4,1,2,0,0,northeast,full,B. Carlson,544.082,
116,,7,1,1,0,1,210,1,0,0,-78.94286,41.7408,-78426,304766,1062.58,-78.94352,41.73727,-78485,304375,1,0,0,-78.93773,41.74245,-77997,304945,decid,trans,trans,trans,Red Maple,0.1,0.4,1,2,0,0,northeast,full,B. Carlson,544.082,
116,,r1,1,1,0,1,408,1,1,0,-78.94286,41.7408,-78426,304766,1043.23,-78.94358,41.73725,-78490,304373,1,0,0,-78.94364,41.73758,-78495,304409,decid,trans,trans,trans,pin cherry,0.1,1,1,2,0,1,southwest,no,B. Carlson,544.082,
116,,r2,1,1,0,1,408,1,1,0,-78.94286,41.7408,-78426,304766,1043.23,-78.94358,41.73725,-78490,304373,1,0,0,-78.94374,41.73875,-78502,304539,decid,trans,trans,trans,pin cherry,0.1,1,1,2,0,1,west,no,B. Carlson,544.082,
116,,r3,1,1,0,1,408,1,1,0,-78.94286,41.7408,-78426,304766,1043.23,-78.94358,41.73725,-78490,304373,1,0,0,-78.93878,41.74149,-78086,304839,decid,trans,trans,trans,pin cherry,0.1,1,1,2,0,1,southwest,no,B. Carlson,544.082,
116,,r4,1,1,0,1,408,1,1,0,-78.94286,41.7408,-78426,304766,1043.23,-78.94358,41.73725,-78490,304373,1,0,0,-78.93802,41.7414,-78023,304828,decid,trans,trans,trans,pin cherry/birch,0.1,0.5,1,2,0,0,south,no,B. Carlson,544.082,
116,,r6,1,0,0,1,408,1,1,0,-78.94286,41.7408,-78426,304766,1043.23,-78.94358,41.73725,-78490,304373,1,0,0,-78.93782,41.74257,-78005,304958,decid,trans,trans,trans,birch,0.1,0.5,1,2,0,0,east,no,B. Carlson,544.082,
117,,2,0,1,0,1,208,1,0,0,-78.93997,41.56963,-78390,285752,1062.66,-78.93635,41.57277,-78085,286097,1,0,0,-78.93814,41.56948,-78238,285733,decid,trans,trans,trans,birch/stripped maple,0.2,1,1,3,0,0,southeast,full,B. Carlson,576.536,
117,,1,1,1,0,1,208,1,0,0,-78.93997,41.56963,-78390,285752,1062.66,-78.93635,41.57277,-78085,286097,1,0,0,-78.93944,41.57007,-78345,285800,decid,trans,trans,trans,beech,0.5,3,2,4,0,0,southeast,full,B. Carlson,576.536,
117,,1,1,0,0,1,410,1,1,0,-78.93997,41.56963,-78390,285752,1051.54,-78.93633,41.57273,-78083,286093,1,0,0,-78.93674,41.57211,-78118,286024,decid,trans,trans,trans,beech/birch,0.2,3,1,7,0,0,east,no,B. Carlson,576.536,
117,,2,1,1,0,1,410,1,1,0,-78.93997,41.56963,-78390,285752,1051.54,-78.93633,41.57273,-78083,286093,1,0,0,-78.93814,41.56948,-78238,285733,decid,trans,trans,trans,birch/stripped maple,0.2,1,1,3,0,0,southeast,no,B. Carlson,576.536,
117,,3,0,1,0,1,410,1,1,0,-78.93997,41.56963,-78390,285752,1051.54,-78.93633,41.57273,-78083,286093,1,0,0,-78.94021,41.56907,-78411,285690,decid,trans,trans,trans,beech/birch,0.2,1,1,2,0,0,east,no,B. Carlson,576.536,
117,,4,1,1,0,1,410,1,1,0,-78.93997,41.56963,-78390,285752,1051.54,-78.93633,41.57273,-78083,286093,1,0,0,-78.94172,41.56747,-78539,285513,decid,trans,trans,trans,birch,0.2,1.5,1,5,0,0,east,no,B. Carlson,576.536,
119,,1,1,1,0,1,319,1,0,0,-78.94909,41.53642,-79191,282071,1035.52,-78.9441,41.53193,-78780,281568,1,1,0,-78.94013,41.53516,-78445,281923,decid,trans,trans,trans,birch,0.2,1,1,2,0,0,south,,B. Carlson,549.486,
120,,,0,0,0,1,406,1,0,0,-78.00921,41.4162,-770,268288,1018.52,-78.01133,41.41362,-947,268001,0,0,0,,,,,decid,trans,decid,,,,,,,,,,no,M. Schrecengost,514.917,
121,,,0,0,0,1,115,1,0,0,-79.20863,41.82387,-100403,314265,1059.03,-79.21402,41.82607,-100848,314515,0,0,0,,,,,conif,mixed,mixed,,,,,,,,,,full,B. Carlson,493.888,
123,,123a,0,1,0,1,303,1,0,0,-75.88375,41.89182,175607,323245,1234.91,-75.87675,41.8888,176196,322924,1,0,0,-75.8774,41.8881,176144,322845,decid,mixed,mixed,field edge,"maple, beech, birch",0.5,8,1,500,0,1,south,,,467.938,
124,,,0,0,0,1,129,1,0,0,-76.21563,41.70555,148494,301944,1056.95,-76.21857,41.69642,148270,300925,0,0,0,,,,,decid,mixed,mixed,,,,,,,,,,full,E. Rogan,386.072,
125,,,0,0,0,1,119,1,0,0,-77.02104,41.09748,82229,233347,1195.5,-77.02067,41.10153,82255,233797,0,0,0,,,,,mixed,mixed,mixed,,,,,,,,,,full,J. Vreeland,436.979,
125,t,4,1,1,0,2,119,1,0,0,-76.96781,41.12271,86667,236200,1363.51,-76.96782,41.12272,86666,236201,1,0,0,-76.96571,41.12277,86843,236209,,,trans,trans/field,none,0,0,0,0,0,1,,full,J. Vreeland,152.722,
125,t,1,0,1,0,2,119,1,0,0,-76.96781,41.12271,86667,236200,1363.51,-76.96782,41.12272,86666,236201,1,0,0,-76.97032,41.12317,86456,236249,,,trans,trans,ash,3,6,1,10,0,1,southwest,full,J. Vreeland,152.722,
125,t,2,0,1,0,2,119,1,0,0,-76.96781,41.12271,86667,236200,1363.51,-76.96782,41.12272,86666,236201,1,0,0,-76.97065,41.12353,86428,236289,,,trans,trans,ash,3,6,1,10,0,1,southwest,full,J. Vreeland,152.722,
125,t,3,0,1,0,2,119,1,0,0,-76.96781,41.12271,86667,236200,1363.51,-76.96782,41.12272,86666,236201,1,0,0,-76.96684,41.12313,86748,236248,,,trans,trans,"black cherry, ash",3,16,3,20,0,1,southwest,full,J. Vreeland,152.722,
127,,,0,0,0,1,0,0,0,1,-75.27467,41.69813,226805,303142,0,,,,,0,0,0,,,,,,,,,,,,,,,,,,,423.326,
128,,,0,0,0,1,322,1,0,0,-76.27303,41.11439,145016,236198,1194.96,-76.27855,41.1142,144553,236167,0,0,0,,,,,decid,mixed,mixed,,,,,,,,,,full,E. Rogan,336.096,
129,,,0,0,0,1,122,1,0,0,-76.44218,41.2283,130588,248581,1147.44,-76.44335,41.23193,130483,248982,0,0,0,,,,,mixed,mixed,mixed,,,,,,,,,,full,E. Rogan,411.767,
130,,,0,0,0,1,202,1,0,0,-75.68041,41.75601,192877,308594,1143.2,-75.68048,41.75835,192864,308853,0,0,0,,,,,decid,mixed,mixed,,,,,,,,,,full,E. Rogan,378.348,
131,,,0,0,0,1,0,0,0,1,-75.07187,41.75883,243450,310427,0,,,,,0,0,0,,,,,,,,,,,,,,,,,,,329.85,
132,,,0,0,0,1,119,1,0,0,-75.25058,41.33371,230083,262746,1043.09,-75.25263,41.3335,229912,262718,0,0,0,,,,,decid,mixed,mixed,,,,,,,,,,full,E. Rogan,505.578,
133,,trk,1,0,0,1,205,1,0,0,-75.06442,41.3392,245636,263863,1312.49,-75.05558,41.35132,246330,265233,0,1,0,-75.06054,41.35326,245908,265435,decid,mixed,mixed,mixed,"white pine,red maple",0.5,9,1,8,90,0,northnorthwest,full,E. Rogan,410.177,
134,,,0,0,0,1,311,1,0,0,-77.08431,41.30954,76668,256842,1034.89,-77.08347,41.30885,76739,256766,0,0,0,,,,,decid,mixed,conifer,,,,,,,,,,no,B. Carlson,217.97,
135,,,0,0,0,1,127,1,0,0,-79.20795,41.35666,-101065,262373,1110.7,-79.20727,41.35347,-101013,262018,0,0,0,,,,,conif,mixed,conifer,,,,,,,,,,full,B. Carlson,476.093,
136,,,0,0,0,1,0,1,0,0,-76.2326,41.83916,146782,316753,0,,,,,0,0,0,,,,,,,,,,,,,,,,,,E. Rogan,445.054,
138,,trk,1,0,0,1,123,1,0,0,-76.43182,41.32258,131269,259067,0,-76.44183,41.31523,130446,258236,0,1,0,-76.44182,41.31522,130446,258235,decid,decid,mixed,mixed,fir,1,16,1,12,0,1,east,full,E. Rogan,656.639,
138,,trk,1,0,0,1,123,1,0,0,-76.43182,41.32258,131269,259067,0,-76.44183,41.31523,130446,258236,0,1,0,-76.43744,41.31612,130811,258341,decid,decid,mixed,mixed,fir,2,6,1,15,0,1,west,full,E. Rogan,656.639,
138,,trk,1,0,0,1,123,1,0,0,-76.43182,41.32258,131269,259067,0,-76.44183,41.31523,130446,258236,0,1,0,-76.43458,41.3161,131051,258343,decid,decid,mixed,decid trans,"stripped maple,beech,fir",1,5,1,10,0,0,east,full,E. Rogan,656.639,
138,t,138b,1,0,0,2,123,1,0,0,-76.43645,41.31628,130894,258360,1006.66,-76.43645,41.31628,130894,258360,1,1,0,-76.43579,41.31579,130950,258307,,,trans,trans,"red maple,fir",1,10,1,8,0,0,,full,E. Rogan,684.157,
139,,139a,0,1,0,1,227,1,0,0,-76.20681,41.99082,148578,333639,1518.51,-76.21278,41.99322,148078,333895,1,0,0,-76.2125,41.99334,148101,333909,decid,mixed,mixed,trans,"oak, rubus",0.5,4,6,20,0,1,north,full,E. Rogan,426.552,
139,,trk,1,0,0,1,227,1,0,0,-76.20681,41.99082,148578,333639,1518.51,-76.21278,41.99322,148078,333895,0,1,0,-76.21261,41.99412,148090,333996,decid,mixed,mixed,trans,shrubs,0,0,0,0,0,1,north,full,E. Rogan,426.552,
139,t,,0,0,0,2,227,1,0,0,-76.20335,41.9925,148860,333831,1150.07,-76.20335,41.9925,148860,333831,0,0,0,,,,,,,trans,,,,,,,,,,full,E. Rogan,429.377,
140,,1,1,0,0,1,213,1,0,0,-79.03222,41.61734,-86021,291138,1425.39,-79.02772,41.6202,-85642,291451,1,0,0,-79.02943,41.61757,-85788,291160,conif,mixed,mixed,Mixed,Hemlock,3,14,3,5,0,1,southwest,full,B. Carlson,450.214,
140,,2,1,0,0,1,213,1,0,0,-79.03222,41.61734,-86021,291138,1425.39,-79.02772,41.6202,-85642,291451,1,0,0,-79.02715,41.61691,-85599,291085,conif,mixed,mixed,Mixed,Hemlock,4,14,4,12,0,1,northwest,full,B. Carlson,450.214,
140,,3,1,0,0,1,213,1,0,0,-79.03222,41.61734,-86021,291138,1425.39,-79.02772,41.6202,-85642,291451,1,0,0,-79.0237,41.61687,-85311,291077,conif,mixed,mixed,Mixed,Hemlock,8,15,8,13,0,1,southeast,full,B. Carlson,450.214,
140,,,0,0,0,1,320,1,1,0,-79.03222,41.61734,-86021,291138,1486.27,-79.03585,41.61452,-86327,290828,0,0,0,,,,,conif,mixed,mixed,,,,,,,,,,full,E. Rogan,450.214,
140,,,0,0,0,1,409,1,1,0,-79.03222,41.61734,-86021,291138,1291.6,-79.02378,41.61693,-85318,291084,0,0,0,,,,,conif,mixed,mixed,,,,,,,,,,no,M. Schrecengost,450.214,
141,,trk,1,0,0,1,120,1,0,0,-75.99931,41.62302,166703,293170,1192.95,-76.00693,41.61637,166085,292417,0,1,0,-76.00696,41.61639,166083,292419,mixed,mixed,mixed,mixed,white pine,1,14,1,10,0,0,northnortheast,full,E. Rogan,250.418,
141,,trk,1,0,0,1,120,1,0,0,-75.99931,41.62302,166703,293170,1192.95,-76.00693,41.61637,166085,292417,0,1,0,-76.00753,41.61518,166038,292283,mixed,mixed,mixed,mixed,white pine,5,20,3,10,0,0,northeast,full,E. Rogan,250.418,
142,,,0,0,0,1,309,1,0,0,-75.82471,41.80432,180747,313649,1319.37,-75.81732,41.80663,181355,313921,0,0,0,,,,,decid,mixed,mixed,,,,,,,,,,no,E. Rogan,448.622,
143,,,0,0,0,1,312,1,0,0,-76.09044,41.22074,160088,248327,1347.17,-76.0938,41.2234,159800,248616,0,0,0,,,,,decid,mixed,mixed,,,,,,,,,,full,E. Rogan,310.744,
143,t,,0,0,0,2,312,1,0,0,,,,,0,,,,,0,0,0,,,,,,,trans,,,,,,,,,,partial,E. Rogan,-9999,
144,,144a,1,1,0,1,227,1,0,0,-76.05791,41.95303,161006,329706,1174.6,-76.03975,41.952,162514,329626,1,1,0,-76.04439,41.95066,162133,329468,decid,decid,mixed,trans-quarry,"birch, cherry",1,5,1,40,0,0,northnorthwest,full,E. Rogan,527.87,
144,t,,0,0,0,2,227,1,0,0,-76.04833,41.95198,161803,329607,399.21,-76.04833,41.95198,161803,329607,0,0,0,,,,,,,trans,,,,,,,,,,full,E. Rogan,510.072,
145,,,0,1,0,1,321,1,0,0,-76.45981,41.49999,128579,278728,1154.99,-76.4622,41.49758,128384,278457,1,0,0,,,,,decid,mixed,mixed,mixed,"white pine,hemlock,birch,maple,beech",0.5,18,1,8,0,0,,full,E. Rogan,433.288,
146,,,0,0,0,1,223,1,0,0,-75.99918,41.49394,167042,278836,1161.02,-76.00365,41.49578,166665,279032,0,0,0,,,,,decid,mixed,mixed,,,,,,,,,,full,E. Rogan,327.666,
147,,,0,0,0,1,209,1,0,0,-74.94131,41.38798,255743,269631,532.83,-74.94218,41.3998,255624,270941,0,0,0,,,,,mixed,mixed,mixed,,,,,,,,,,full,E. Rogan,424.186,
147,c,,0,0,0,1,212,1,0,0,-74.97603,41.39013,252833,269769,636.39,-74.97603,41.39013,252833,269769,0,0,0,,,,,,,conifer,,,,,,,,,,full,E. Rogan,352.797,
147,t,trk,1,0,0,2,209,1,0,0,-74.94528,41.39625,255379,270538,316.4,-74.94528,41.39625,255379,270538,0,1,0,-74.97638,41.39145,252799,269914,,,trans,"trans, conifer","white pine,spruce,fir,hemlock",1,16,1,4,0,1,none,full,E. Rogan,402.905,
147,t,147tca,1,1,0,2,209,1,0,0,-74.94528,41.39625,255379,270538,316.4,-74.94528,41.39625,255379,270538,1,1,0,-74.97629,41.39153,252806,269923,,,trans,"trans, conifer","white pine,spruce,fir,hemlock",1,16,1,4,0,1,,full,E. Rogan,402.905,
147,t,trk,1,0,0,2,209,1,0,0,-74.94528,41.39625,255379,270538,316.4,-74.94528,41.39625,255379,270538,0,1,0,-74.97638,41.39156,252798,269927,,,trans,"trans, conifer","white pine,hemlock,fir,spruce",1,16,1,4,0,1,,full,E. Rogan,402.905,
147,t,147tcb,1,0,0,2,209,1,0,0,-74.94528,41.39625,255379,270538,316.4,-74.94528,41.39625,255379,270538,1,1,0,-74.97642,41.39176,252794,269949,,,trans,"trans, conifer","spruce,white pine.fir,hemlock",1,16,1,4,0,1,,full,E. Rogan,402.905,
147,t,147tcf,1,0,0,2,209,1,0,0,-74.94528,41.39625,255379,270538,316.4,-74.94528,41.39625,255379,270538,1,0,0,-74.9766,41.39267,252776,270049,,,trans,"trans, conifer","spruce,birch",1,4,1,4,0,1,,full,E. Rogan,402.905,
147,t,147tcg,1,0,0,2,209,1,0,0,-74.94528,41.39625,255379,270538,316.4,-74.94528,41.39625,255379,270538,1,0,0,-74.97679,41.39272,252759,270054,,,trans,"trans, conifer",spruce,1,4,1,3,0,1,,full,E. Rogan,402.905,
147,t,trk,1,0,0,2,209,1,0,0,-74.94528,41.39625,255379,270538,316.4,-74.94528,41.39625,255379,270538,0,1,0,-74.97812,41.39198,252651,269968,,,trans,"trans, conifer",spruce,1,4,1,4,0,,,full,E. Rogan,402.905,
148,,148a,0,1,0,1,228,1,0,0,-76.08587,41.7656,159145,308841,1261.26,-76.0892,41.76427,158871,308688,1,0,0,-76.084,41.76753,159296,309059,decid,mixed,mixed,mixed,"beech,hemlock,maple,oak",0.5,16,1,6,0,1,south,full,E. Rogan,396.414,
149,,,0,0,0,1,120,1,0,0,-79.04437,41.50751,-87179,278951,1012.33,-79.0482,41.50843,-87497,279057,0,0,0,,,,,conif,mixed,mixed,,,,,,,,,,full,B. Carlson,527.592,
150,,,0,0,0,1,121,1,0,0,-75.63644,41.64448,196867,296308,1127.06,-75.64565,41.65568,196067,297531,0,0,0,,,,,mixed,mixed,mixed,,,,,,,,,,full,E. Rogan,425.72,
152,,,0,0,0,1,226,1,0,0,-76.26229,41.54863,144958,284439,1232.23,-76.25768,41.55245,145335,284871,0,0,0,,,,,decid,mixed,mixed,,,,,,,,,,full,E. Rogan,647.258,
152,t,,0,0,0,2,226,1,0,0,-76.26525,41.54535,144719,284070,1633.16,-76.26525,41.54535,144719,284070,0,0,0,,,,,,,trans,,,,,,,,,,full,E. Rogan,627.086,
153,,trk,1,0,0,1,125,1,0,0,-75.45955,41.82332,211019,316578,1061.3,-75.46298,41.82365,210733,316606,0,1,0,-75.4622,41.82692,210788,316971,mixed,mixed,mixed,trans,"birch,maple",1,6,2,15,0,0,north,full,E. Rogan,699.659,
153,,trk,1,0,0,1,125,1,0,0,-75.45955,41.82332,211019,316578,1061.3,-75.46015,41.82463,210965,316722,0,1,0,-75.46158,41.82578,210843,316846,mixed,mixed,mixed,decid,maple,4,9,1,8,0,0,north,full,E. Rogan,699.659,
153,,trk,1,0,0,1,125,1,0,0,-75.45955,41.82332,211019,316578,1061.3,-75.46015,41.82463,210965,316722,0,1,0,-75.45775,41.82364,211168,316618,mixed,mixed,mixed,decid,"maple,beech",0.5,8,1,6,0,1,northnorthwest,full,E. Rogan,699.659,
153,,153a,1,1,0,1,125,1,0,0,-75.45955,41.82332,211019,316578,1061.3,-75.46015,41.82463,210965,316722,1,1,0,-75.4584,41.82191,211119,316424,mixed,mixed,mixed,decid,"red maple,stripped maple",1,18,1,6,0,0,northnorthwest,full,E. Rogan,699.659,
153,,1,1,1,0,1,323,1,1,0,-75.45955,41.82332,211019,316578,1170.88,-75.46295,41.82368,210736,316610,1,1,0,-75.45803,41.82208,211149,316444,mixed,mixed,mixed,decid/trans,Beech,0.2,10,1,10,0,0,northwest,,B. Carlson,699.659,
153,,,0,0,0,1,416,1,1,0,-75.45955,41.82332,211019,316578,1203.88,-75.463,41.8236,210732,316601,0,0,0,,,,,mixed,mixed,mixed,,,,,,,,,,no,M. Schrecengost,699.659,
154,,,0,0,0,1,309,1,0,0,-75.33337,41.94229,221094,330099,1500.45,-75.34775,41.94488,219893,330350,0,0,0,,,,,decid,mixed,mixed,,,,,,,,,,partial,E. Rogan,478.513,
155,,,0,0,0,1,211,1,0,0,-75.00846,41.17043,250958,245287,1272.75,-75.01423,41.1665,250489,244834,0,0,0,,,,,decid,mixed,decid,,,,,,,,,,full,E. Rogan,370.802,
156,,trk,1,0,0,1,214,1,0,0,-75.4776,41.92314,209200,327617,1034.57,-75.48272,41.92528,208769,327843,0,1,0,-75.48271,41.92518,208770,327831,mixed,mixed,mixed,mixed,"hemlock,maple",1,7,1,4,0,1,northnortheast,full,E. Rogan,453.595,
156,,trk,1,0,0,1,214,1,0,0,-75.4776,41.92314,209200,327617,1034.57,-75.48272,41.92528,208769,327843,0,1,0,-75.48063,41.92507,208943,327824,mixed,mixed,mixed,mixed,"hemlock,maple",1,25,1,6,0,1,northnortheast,full,E. Rogan,453.595,
156,,trk,1,0,0,1,214,1,0,0,-75.4776,41.92314,209200,327617,1034.57,-75.48272,41.92528,208769,327843,0,1,0,-75.47712,41.92359,209239,327668,mixed,mixed,mixed,mixed,"hemlock, beech",2,13,1,7,0,1,northeast,full,E. Rogan,453.595,
156,,trk,1,0,0,1,214,1,0,0,-75.4776,41.92314,209200,327617,1034.57,-75.48272,41.92528,208769,327843,0,1,0,-75.47679,41.9234,209267,327648,mixed,mixed,mixed,mixed,"hemlock, beech",2,12,1,4,0,1,northeast,full,E. Rogan,453.595,
156,,trk,1,0,0,1,214,1,0,0,-75.4776,41.92314,209200,327617,1034.57,-75.48272,41.92528,208769,327843,0,1,0,-75.47679,41.92336,209267,327644,mixed,mixed,mixed,mixed,"hemlock, beech",2,12,1,5,0,1,northeast,full,E. Rogan,453.595,
156,,156b,1,1,0,1,214,1,0,0,-75.4776,41.92314,209200,327617,1034.57,-75.48272,41.92528,208769,327843,1,1,0,-75.4765,41.92307,209292,327612,mixed,mixed,mixed,mixed,"hemlock, beech, maple",1,20,1,6,0,0,northeast,full,E. Rogan,453.595,
156,,trk,1,0,0,1,214,1,0,0,-75.4776,41.92314,209200,327617,1034.57,-75.48272,41.92528,208769,327843,0,1,0,-75.47619,41.92282,209318,327585,mixed,mixed,mixed,mixed,"hemlock, beech, maple",2,20,1,6,0,0,,full,E. Rogan,453.595,
156,,trk,1,0,0,1,214,1,0,0,-75.4776,41.92314,209200,327617,1034.57,-75.48272,41.92528,208769,327843,0,1,0,-75.47304,41.92302,209579,327615,mixed,mixed,mixed,mixed,"hemlock,birch,beech,maple",0.5,8,1,5,0,0,northeast,full,E. Rogan,453.595,
156,,1,1,1,0,1,323,1,1,0,-75.4776,41.92314,209200,327617,1192.62,-75.48163,41.9252,208859,327836,1,1,0,-75.47144,41.92217,209714,327524,mixed,mixed,mixed,trans,Stripped maple,0.2,8,1,10,0,0,northeast,,B. Carlson,453.595,
156,,,0,0,0,1,416,1,1,0,-75.4776,41.92314,209200,327617,1130.8,-75.48173,41.92523,208851,327839,0,0,0,,,,,mixed,mixed,mixed,,,,,,,,,,no,M. Schrecengost,453.595,
156,t,156ta,0,1,0,2,214,1,0,0,-75.4693,41.92473,209883,327814,1049.73,-75.4693,41.92473,209883,327814,1,0,0,-75.46947,41.92495,209868,327838,,,trans,trans,birch,0.5,4,1,5,0,0,northnorthwest,full,E. Rogan,509.102,
156,t,156tb,0,1,0,2,214,1,0,0,-75.4693,41.92473,209883,327814,1049.73,-75.4693,41.92473,209883,327814,1,0,0,-75.47237,41.92741,209620,328104,,,trans,Mixed,"hemlock, maple",2,16,1,6,0,1,west,full,E. Rogan,509.102,
156,t,trk,1,0,0,2,214,1,0,0,-75.4693,41.92473,209883,327814,1049.73,-75.4693,41.92473,209883,327814,0,1,0,-75.47071,41.92602,209762,327953,,,trans,trans,"beech, maple",1,4,1,6,0,0,northnorthwest,full,E. Rogan,509.102,
156,t,trk,1,0,0,2,214,1,0,0,-75.4693,41.92473,209883,327814,1049.73,-75.4693,41.92473,209883,327814,0,1,0,-75.4719,41.9274,209659,328104,,,trans,mixed,"hemlock,beech, cherry",1,18,1,6,0,0,west,full,E. Rogan,509.102,
156,t,trk,1,0,0,2,214,1,0,0,-75.4693,41.92473,209883,327814,1049.73,-75.4693,41.92473,209883,327814,0,1,0,-75.4712,41.92984,209709,328376,,,trans,trans,"maple, beech",0.5,6,1,5,0,1,west,full,E. Rogan,509.102,
157,,trk,1,0,0,1,125,1,0,0,-75.47682,41.73269,209876,306474,1039.25,-75.46436,41.73288,210911,306525,0,1,0,-75.47121,41.73169,210346,306376,mixed,mixed,mixed,trans,"apple,maple",2,10,2,8,0,0,southsouthwest,full,E. Rogan,505.699,
157,,trk,1,0,0,1,125,1,0,0,-75.47682,41.73269,209876,306474,1039.25,-75.4681,41.73487,210594,306737,0,1,0,-75.46485,41.73316,210870,306555,mixed,mixed,mixed,decid,"maple,beech",4,8,1,7,0,0,,full,E. Rogan,505.699,
157,,trk,1,0,0,1,125,1,0,0,-75.47682,41.73269,209876,306474,1039.25,-75.4681,41.73487,210594,306737,0,1,0,-75.46928,41.73552,210494,306806,mixed,mixed,mixed,decid,"red maple,beech",0.5,8,1,4,0,0,northnorthwest,full,E. Rogan,505.699,
157,,trk,1,0,0,1,125,1,0,0,-75.47682,41.73269,209876,306474,1039.25,-75.4681,41.73487,210594,306737,0,1,0,-75.47262,41.73323,210223,306544,mixed,mixed,mixed,decid,"maple,beech",1,8,1,6,0,0,northnorthwest,full,E. Rogan,505.699,
157,,trk,1,0,0,1,125,1,0,0,-75.47682,41.73269,209876,306474,1039.25,-75.4681,41.73487,210594,306737,0,1,0,-75.47303,41.73294,210190,306510,mixed,mixed,mixed,decid,"maple,beech",1,10,2,10,0,0,northnorthwest,full,E. Rogan,505.699,
157,,157a,0,1,0,1,125,1,0,0,-75.47682,41.73269,209876,306474,1039.25,-75.4681,41.73487,210594,306737,1,0,0,-75.47121,41.73169,210346,306376,mixed,mixed,mixed,trans,"apple,maple",2,10,2,8,0,0,southsouthwest,full,E. Rogan,505.699,
157,,157b,0,1,0,1,125,1,0,0,-75.47682,41.73269,209876,306474,1039.25,-75.4681,41.73487,210594,306737,1,0,0,-75.46485,41.73316,210870,306555,mixed,mixed,mixed,dec,"maple, beech",4,8,1,7,0,0,,full,E. Rogan,505.699,
157,,,0,0,0,1,323,1,1,0,-75.47682,41.73269,209876,306474,1113.4,-75.46437,41.73288,210911,306525,0,0,0,,,,,mixed,mixed,mixed,,,,,,,,,,,B. Carlson,505.699,
157,,,0,0,0,1,416,1,1,0,-75.47682,41.73269,209876,306474,1167.02,-75.47378,41.73235,210130,306443,0,0,0,,,,,mixed,mixed,mixed,,,,,,,,,,no,M. Schrecengost,505.699,
158,,,0,0,0,1,224,1,0,0,-79.11698,41.42252,-93360,269586,1079.68,-79.11352,41.42942,-93061,270349,0,0,0,,,,,mixed,mixed,conifer,,,,,,,,,,full,B. Carlson,482.643,
158,t,,0,0,0,2,224,1,0,0,-79.1114,41.42686,-92888,270063,777.89,-79.1114,41.42687,-92888,270064,0,0,0,,,,,,,trans,,,,,,,,,,full,B. Carlson,505.108,
159,,,0,0,0,1,301,1,0,0,-75.74065,41.25852,189298,253222,1817.34,-75.74118,41.25622,189260,252965,0,0,0,,,,,decid,mixed,decid,,,,,,,,,,full,E. Rogan,488.679,
161,,,0,0,0,1,206,1,0,0,-79.11506,41.75504,-92728,306516,1075.81,-79.11158,41.75845,-92434,306892,0,0,0,,,,,conif,mixed,mixed,,,,,,,,,,full,B. Carlson,452.786,
162,,,0,0,0,1,114,1,0,0,-74.82693,41.41668,265187,273158,1105.1,-74.83265,41.41257,264725,272685,0,0,0,,,,,mixed,mixed,mixed,,,,,,,,,,full,E. Rogan,384.701,
163,,,0,0,0,1,210,1,0,0,-75.12281,41.45685,240321,276761,1249.9,-75.11456,41.44992,241035,276015,0,0,0,,,,,decid,mixed,mixed,,,,,,,,,,full,E. Rogan,324.758,
164,,,0,0,0,1,201,1,0,0,-76.34832,41.93821,136965,327565,1090.81,-76.34567,41.9373,137186,327468,0,0,0,,,,,mixed,mixed,mixed,,,,,,,,,,full,E. Rogan,419.836,
164,,,0,0,0,1,322,1,1,0,-76.34832,41.93821,136965,327565,1189.62,-76.34572,41.9373,137182,327468,0,0,0,,,,,mixed,mixed,mixed,,,,,,,,,,no,B. Carlson,419.836,
164,,,0,0,0,1,417,1,1,0,-76.34832,41.93821,136965,327565,1287.85,-76.34617,41.9375,137144,327490,0,0,0,,,,,mixed,mixed,mixed,,,,,,,,,,no,M. Schrecengost,419.836,
164,t,trk,1,0,0,2,201,1,0,0,-76.34621,41.93721,137142,327457,777.41,-76.34622,41.93722,137141,327459,0,1,0,-76.34586,41.93747,137170,327487,,,trans,trans,mixed,1,10,1,4,0,1,north,full,E. Rogan,452.624,
165,,trk,1,0,0,1,121,1,0,0,-75.77764,41.64192,185116,295715,1076.77,-75.77932,41.64473,184968,296023,0,1,0,-75.77819,41.64311,185067,295846,decid,mixed,mixed,mixed,"red maple,white pine",1,15,1,8,20,0,west,full,E. Rogan,340.181,
165,,trk,1,0,0,1,121,1,0,0,-75.77764,41.64192,185116,295715,1076.77,-75.77932,41.64473,184968,296023,0,1,0,-75.77738,41.64301,185135,295836,decid,mixed,mixed,mixed,"red maple,white pine",1,14,2,10,0,0,west,full,E. Rogan,340.181,
165,,trk,1,0,0,1,121,1,0,0,-75.77764,41.64192,185116,295715,1076.77,-75.77932,41.64473,184968,296023,0,1,0,-75.7781,41.64216,185077,295740,decid,mixed,mixed,mixed,"white pine,red maple",1,16,1,8,10,0,west,full,E. Rogan,340.181,
165,,trk,1,0,0,1,121,1,0,0,-75.77764,41.64192,185116,295715,1076.77,-75.77932,41.64473,184968,296023,0,1,0,-75.77878,41.64155,185022,295671,decid,mixed,mixed,mixed,"red maple,beech",1,7,1,10,80,0,west,full,E. Rogan,340.181,
165,,trk,1,0,0,1,121,1,0,0,-75.77764,41.64192,185116,295715,1076.77,-75.77932,41.64473,184968,296023,0,1,0,-75.77938,41.64041,184976,295543,decid,mixed,mixed,mixed,"fir,red maple",1,10,1,12,0,0,west,full,E. Rogan,340.181,
165,,1,1,1,0,1,324,1,1,0,-75.77764,41.64192,185116,295715,1106.77,-75.77933,41.64472,184968,296022,1,0,0,-75.77936,41.64103,184975,295612,decid,mixed,mixed,trans,red maple,0.2,8,1,4,0,0,southwest,no,B. Carlson,340.181,
165,,,0,0,0,1,415,1,1,0,-75.77764,41.64192,185116,295715,1119.46,-75.77883,41.63833,185027,295314,0,0,0,,,,,decid,mixed,mixed,,,,,,,,,,no,M. Schrecengost,340.181,
166,,166a,0,1,0,1,228,1,0,0,-75.95532,41.80137,169904,313059,1344.63,-75.94945,41.79878,170399,312783,1,1,0,-75.95573,41.80127,169870,313048,decid,mixed,mixed,mixed,"red maple,oak,hemlock",0.5,12,1,20,0,1,north,full,E. Rogan,361.967,
166,,166b,1,1,0,1,228,1,0,0,-75.95532,41.80137,169904,313059,1344.63,-75.94945,41.79878,170399,312783,1,1,0,-75.95958,41.80122,169551,313035,decid,mixed,mixed,rasp patch,"hemlock,maple,oak",0.5,9,1,10,0,1,north,full,E. Rogan,361.967,
167,,,0,0,0,1,210,1,0,0,-78.86456,41.70339,-71954,300544,1089.82,-78.86668,41.69937,-72135,300099,0,0,0,,,,,conif,mixed,mixed,,,,,,,,,,full,B. Carlson,562.586,
168,,,0,0,0,1,204,1,0,0,-75.76084,41.9207,185722,326706,1042.07,-75.76268,41.92348,185561,327011,0,0,0,,,,,decid,mixed,mixed,,,,,,,,,,full,E. Rogan,502.086,
169,,169a,0,1,0,1,305,1,0,0,-76.14061,41.58739,155016,288953,1461.45,-76.14485,41.58447,154669,288621,1,0,0,-76.14402,41.58657,154733,288856,decid,mixed,mixed,mixed,"hemlock,white pine,apple,birch",0.5,16,1,8,0,1,,partial,E. Rogan,359.149,
170,,,0,0,0,1,115,1,0,0,-79.36596,41.82926,-113463,315056,1054.54,-79.35987,41.83065,-112955,315202,0,0,0,,,,,mixed,mixed,conifer,,,,,,,,,,full,B. Carlson,403.848,
171,,,0,0,0,1,225,1,0,0,-79.29044,41.75327,-107315,306521,1294.25,-79.29283,41.75267,-107515,306457,0,0,0,,,,,mixed,mixed,mixed,,,,,,,,,,full,B. Carlson,442.98,
173,,trk,1,0,0,1,120,1,0,0,-75.88737,41.57333,176162,287871,1069.42,-75.89425,41.57047,175596,287540,0,1,0,-75.89256,41.57135,175735,287641,mixed,mixed,mixed,mixed,fir,5,12,1,12,0,0,south,full,E. Rogan,310.139,
173,,trk,1,0,0,1,120,1,0,0,-75.88737,41.57333,176162,287871,1069.42,-75.89425,41.57047,175596,287540,0,1,0,-75.88862,41.57343,176058,287880,mixed,mixed,mixed,mixed,white pine,5,14,1,15,0,1,southsoutheast,full,E. Rogan,310.139,
173,,trk,1,0,0,1,120,1,0,0,-75.88737,41.57333,176162,287871,1069.42,-75.89425,41.57047,175596,287540,0,1,0,-75.88673,41.57454,176212,288007,mixed,mixed,mixed,mixed,fir,2,16,1,15,0,0,southeast,full,E. Rogan,310.139,
173,,trk,1,0,0,1,120,1,0,0,-75.88737,41.57333,176162,287871,1069.42,-75.89425,41.57047,175596,287540,0,1,0,-75.88564,41.57478,176302,288036,mixed,mixed,mixed,mixed,white pine,1,6,1,6,0,0,eastsoutheast,full,E. Rogan,310.139,
173,,1,0,1,0,1,324,1,1,0,-75.88737,41.57333,176162,287871,950.09,-75.89418,41.57033,175602,287525,1,0,0,-75.89363,41.57067,175647,287563,mixed,mixed,mixed,Mixed,Hemlock,1,8,2,12,0,1,southeast,no,B. Carlson,310.139,
173,,2,0,1,0,1,324,1,1,0,-75.88737,41.57333,176162,287871,950.09,-75.89418,41.57033,175602,287525,1,0,0,-75.89249,41.57145,175740,287652,mixed,mixed,mixed,Mixed,Hemlock,4,8,3,15,0,1,west,no,B. Carlson,310.139,
173,,3,0,1,0,1,324,1,1,0,-75.88737,41.57333,176162,287871,950.09,-75.89418,41.57033,175602,287525,1,0,0,-75.88771,41.57406,176132,287952,mixed,mixed,mixed,Trans,Red Maple/Beech,0.2,12,1,2,0,1,south,no,B. Carlson,310.139,
173,,4,0,1,0,1,324,1,1,0,-75.88737,41.57333,176162,287871,950.09,-75.89418,41.57033,175602,287525,1,0,0,-75.88496,41.57534,176358,288099,mixed,mixed,mixed,Mixed,Red Maple,0.2,10,1,12,0,0,west,no,B. Carlson,310.139,
173,,,0,0,0,1,415,1,1,0,-75.88737,41.57333,176162,287871,1179.51,-75.8943,41.57042,175592,287534,0,0,0,,,,,mixed,mixed,mixed,,,,,,,,,,no,M. Schrecengost,310.139,
174,,trk,1,0,0,1,213,1,0,0,-75.43,41.0864,215881,234831,1181.92,-75.44055,41.09672,214962,235951,0,1,0,-75.43618,41.0926,215342,235504,mixed,mixed,mixed,mixed,"maple,beech,apple,locust",3,8,1,6,100,1,,full,E. Rogan,611.325,
174,,174b,1,1,0,1,213,1,0,0,-75.43,41.0864,215881,234831,1181.92,-75.43555,41.09317,215393,235569,1,1,0,-75.4358,41.09285,215373,235533,mixed,mixed,mixed,mixed,"pine,red maple,locust",1,7,1,6,90,1,,full,E. Rogan,611.325,
174,,trk,1,0,0,1,213,1,0,0,-75.43,41.0864,215881,234831,1181.92,-75.43555,41.09317,215393,235569,0,1,0,-75.43576,41.09285,215376,235533,mixed,mixed,mixed,mixed,"maple,pine,beech,apple,locust",1,8,1,8,90,1,,full,E. Rogan,611.325,
174,,trk,1,0,0,1,213,1,0,0,-75.43,41.0864,215881,234831,1181.92,-75.43555,41.09317,215393,235569,0,1,0,-75.43561,41.09312,215388,235564,mixed,mixed,mixed,mixed,"beech,pine,maple",1,6,1,5,70,1,,full,E. Rogan,611.325,
174,,174e,1,0,0,1,213,1,0,0,-75.43,41.0864,215881,234831,1181.92,-75.43555,41.09317,215393,235569,1,0,0,-75.43533,41.0931,215412,235562,mixed,mixed,mixed,mixed,"pine,beech,maple,fir",1,6,1,6,50,1,,full,E. Rogan,611.325,
174,,trk,1,0,0,1,213,1,0,0,-75.43,41.0864,215881,234831,1181.92,-75.43555,41.09317,215393,235569,0,1,0,-75.43611,41.09363,215344,235619,mixed,mixed,mixed,mixed,"spruce,maple,beech,apple,locust",2,12,2,10,100,1,,full,E. Rogan,611.325,
174,,trk,1,0,0,1,213,1,0,0,-75.43,41.0864,215881,234831,1181.92,-75.43555,41.09317,215393,235569,0,1,0,-75.43753,41.09522,215220,235792,mixed,mixed,mixed,mixed,"maple,beech,locust",1,8,1,8,100,0,,full,E. Rogan,611.325,
174,,174f,0,1,0,1,213,1,0,0,-75.43,41.0864,215881,234831,1181.92,-75.43555,41.09317,215393,235569,1,0,0,-75.43371,41.09258,215549,235508,mixed,mixed,mixed,mixed,"red pine,maple,laurel",1,8,1,8,100,1,,full,E. Rogan,611.325,
174,,174i,0,1,0,1,213,1,0,0,-75.43,41.0864,215881,234831,1181.92,-75.43555,41.09317,215393,235569,1,0,0,-75.43161,41.09174,215728,235420,mixed,mixed,mixed,mixed,"red pine,beech",1,4,1,6,100,1,,full,E. Rogan,611.325,
174,,174j,0,0,1,1,213,1,0,0,-75.43,41.0864,215881,234831,1181.92,-75.43555,41.09317,215393,235569,1,0,0,-75.43729,41.09441,215243,235703,mixed,mixed,mixed,mixed,"spruce,red maple,laurel,beech",1,16,1,6,90,1,,full,E. Rogan,611.325,
174,,trk,1,0,0,1,213,1,0,0,-75.43,41.0864,215881,234831,1181.92,-75.43555,41.09317,215393,235569,0,1,0,-75.43765,41.09564,215209,235838,mixed,mixed,mixed,mixed,"maple,beech,apple,locust,spruce",2,16,1,8,100,0,,full,E. Rogan,611.325,
174,,1,0,1,0,1,325,1,1,0,-75.43,41.0864,215881,234831,1496.67,-75.44055,41.09672,214962,235951,1,0,0,-75.43615,41.09342,215342,235596,mixed,mixed,mixed,decid,,0,0,0,0,90,1,,partial,B. Carlson,611.325,
174,,2,0,1,0,1,325,1,1,0,-75.43,41.0864,215881,234831,1496.67,-75.44055,41.09672,214962,235951,1,0,0,-75.43532,41.09322,215412,235575,mixed,mixed,mixed,decid,,0,0,0,0,90,1,,partial,B. Carlson,611.325,
174,,174b-r2,1,1,0,1,414,1,1,0,-75.43,41.0864,215881,234831,1101.33,-75.44062,41.09665,214956,235943,1,0,0,-75.43774,41.09556,215201,235829,mixed,mixed,mixed,mixed,"mtn Laurel,oak,birch",4,23,0,0,0,0,northeast,no,M. Schrecengost,611.325,
174,,174a,0,1,0,1,414,1,1,0,-75.43,41.0864,215881,234831,1101.33,-75.44062,41.09665,214956,235943,1,0,0,-75.43777,41.09561,215199,235835,mixed,mixed,mixed,mixed,"mtn Laurel,oak,birch",4,23,1,1,0,0,east,no,M. Schrecengost,611.325,
174,,174d,0,1,0,1,414,1,1,0,-75.43,41.0864,215881,234831,1101.33,-75.44062,41.09665,214956,235943,1,0,0,-75.43774,41.09532,215202,235803,mixed,mixed,mixed,mixed,"birch,mountain laurel",5,20,1,1,0,0,east,no,M. Schrecengost,611.325,
174,,174g,0,1,0,1,414,1,1,0,-75.43,41.0864,215881,234831,1101.33,-75.44062,41.09665,214956,235943,1,0,0,-75.43664,41.09401,215299,235660,mixed,mixed,mixed,mixed,"oak,birch",4,20,1,3,0,1,northeast,no,M. Schrecengost,611.325,
175,,,0,0,0,1,226,1,0,0,-76.33993,41.70436,138154,301608,1216.09,-76.36202,41.6904,136345,300023,0,0,0,,,,,decid,mixed,mixed,,,,,,,,,,full,E. Rogan,365.322,
175,t,,0,0,0,2,226,1,0,0,-76.35503,41.6903,136927,300023,1267.08,-76.35503,41.6903,136927,300023,0,0,0,,,,,,,trans,,,,,,,,,,full,E. Rogan,351.701,
176,,,0,0,0,1,118,1,0,0,-79.34772,41.58452,-112367,287851,1046.12,-79.35332,41.58438,-112834,287842,0,0,0,,,,,mixed,mixed,mixed,,,,,,,,,,full,B. Carlson,404.737,
176,t,,0,0,0,2,118,1,0,0,-79.36681,41.58623,-113956,288065,1027.74,-79.36682,41.58623,-113957,288065,0,0,0,,,,,,,trans,,,,,,,,,,full,B. Carlson,466.89,
178,,,0,0,0,1,312,1,0,0,-76.01153,41.06531,167095,231215,1146.69,-76.01542,41.06277,166775,230925,0,0,0,,,,,decid,mixed,decid,,,,,,,,,,full,E. Rogan,360.351,
178,t,178a,0,1,0,2,312,1,0,0,-76.0156,41.07058,166740,231792,1630.07,-76.0156,41.07058,166740,231792,1,0,0,-76.00941,41.07121,167259,231874,,,trans,trans,"red maple, birch",0.5,4,1,10,0,1,,full,E. Rogan,328.798,
180,,,0,0,0,1,116,1,0,0,-79.60381,41.62964,-133625,293222,1054.31,-79.60105,41.62897,-133396,293144,0,0,0,,,,,mixed,mixed,decid,,,,,,,,,,full,B. Carlson,392.849,
181,,,0,0,0,1,228,1,0,0,-76.04663,41.86204,162167,319623,1141.11,-76.04538,41.86217,162271,319640,0,0,0,,,,,mixed,decid,decid,,,,,,,,,,full,E. Rogan,453.052,
181,t,,0,0,0,2,228,1,0,0,-76.05053,41.85905,161851,319284,784.04,-76.05053,41.85905,161851,319284,0,0,0,,,,,,,trans,,,,,,,,,,full,E. Rogan,458.399,
182,,,0,0,0,1,302,1,0,0,-75.39899,41.1829,218166,245622,1156.12,-75.38733,41.2135,219042,249049,0,0,0,,,,,decid,decid,decid,,,,,,,,,,full,E. Rogan,601.88,
183,,,0,0,0,1,225,1,0,0,-76.6002,41.88799,116169,321623,1262.68,-76.56803,41.89892,118819,322880,0,0,0,,,,,decid,decid,mixed,,,,,,,,,,full,E. Rogan,448.239,
183,t,,0,0,0,2,225,1,0,0,-76.579,41.90401,117899,323431,1090.52,-76.579,41.90402,117899,323432,0,0,0,,,,,,,trans,,,,,,,,,,full,E. Rogan,443.056,
184,,,0,0,0,1,329,1,0,0,-77.3524,41.37239,54171,263622,1023.17,-77.36183,41.38085,53375,264556,0,0,0,,,,,decid,decid,mixed,,,,,,,,,,no,B. Carlson,315.169,
185,,,0,0,0,1,212,1,0,0,-79.09682,41.31499,-91825,257622,1037.77,-79.0959,41.31657,-91746,257797,0,0,0,,,,,decid,decid,decid,,,,,,,,,,full,B. Carlson,442.492,
186,,,0,0,0,1,401,1,0,0,-78.3807,41.40959,-31827,267623,1268.79,-78.3914,41.4058,-32723,267206,0,0,0,,,,,decid,decid,decid,,,,,,,,,,no,M. Schrecengost,681.209,
187,,187a,0,1,0,1,225,1,0,0,-76.65359,41.63651,112169,293623,1097.6,-76.62237,41.6606,114728,296339,1,0,0,-76.62245,41.6609,114720,296373,decid,decid,decid,decid,"maple,beech,birch",0.5,16,1,4,0,0,,full,E. Rogan,553.52,
187,t,187ta,1,1,0,2,225,1,0,0,-76.62205,41.65565,114763,295790,1413.47,-76.62205,41.65565,114763,295790,1,0,0,-76.62185,41.65601,114779,295830,,,trans,trans/decid,"beech,red maple",0.5,15,1,3,0,0,northnortheast,full,E. Rogan,590.865,
187,t,187tb,0,1,0,2,225,1,0,0,-76.62205,41.65565,114763,295790,1413.47,-76.62205,41.65565,114763,295790,1,0,0,-76.62042,41.65684,114897,295924,,,trans,trans,"birch,beech,stripped maple,hemlock",0.5,9,1,6,10,0,,full,E. Rogan,590.865,
188,,188a,0,1,0,1,131,1,0,0,-76.79396,41.83613,100169,315623,1202.99,-76.7767,41.82422,101621,314320,1,0,0,,,,,decid,decid,decid,,,,,,,,,,full,E. Rogan,440.099,
189,,,0,0,0,1,314,1,0,0,-76.15618,41.39556,154168,267622,1052.72,-76.15302,41.39683,154429,267769,0,0,0,,,,,decid,decid,decid,,,,,,,,,,partial,E. Rogan,494.773,
189,t,,0,0,0,2,314,1,0,0,-76.15291,41.3967,154438,267755,130.84,-76.15292,41.3967,154438,267755,0,0,0,,,,,,,trans,,,,,,,,,,partial,E. Rogan,514.111,
190,,trk,1,0,0,1,123,1,0,0,-76.32265,41.43411,140168,271623,1015.84,-76.32028,41.43853,140357,272117,0,1,0,-76.31821,41.4412,140524,272417,decid,decid,decid,decid,"maple,beech",1,10,1,12,0,1,west,full,E. Rogan,547.936,
190,,trk,1,0,0,1,123,1,0,0,-76.32265,41.43411,140168,271623,1015.84,-76.32028,41.43853,140357,272117,0,1,0,-76.32022,41.43806,140363,272065,decid,decid,decid,decid,"red maple,beech",1,12,1,10,0,1,west,full,E. Rogan,547.936,
190,,trk,1,0,0,1,123,1,0,0,-76.32265,41.43411,140168,271623,1015.84,-76.32028,41.43853,140357,272117,0,1,0,-76.32008,41.43738,140376,271990,decid,decid,decid,decid,"maple,beech",1,16,1,8,0,1,west,full,E. Rogan,547.936,
190,,trk,1,0,0,1,123,1,0,0,-76.32265,41.43411,140168,271623,1015.84,-76.32028,41.43853,140357,272117,0,1,0,-76.31977,41.43445,140408,271665,decid,decid,decid,decid,"maple,beech,birch",1,6,1,6,0,1,,full,E. Rogan,547.936,
190,,trk,1,0,0,1,123,1,0,0,-76.32265,41.43411,140168,271623,1015.84,-76.32028,41.43853,140357,272117,0,1,0,-76.31968,41.43304,140419,271509,decid,decid,decid,decid,"maple,beech",1,10,1,5,0,1,west,full,E. Rogan,547.936,
190,,trk,1,0,0,1,123,1,0,0,-76.32265,41.43411,140168,271623,1015.84,-76.32028,41.43853,140357,272117,0,1,0,-76.31952,41.4324,140433,271438,decid,decid,decid,decid,"maple,beech",1,7,1,6,0,1,west,full,E. Rogan,547.936,
190,,trk,1,0,0,1,123,1,0,0,-76.32265,41.43411,140168,271623,1015.84,-76.32028,41.43853,140357,272117,0,1,0,-76.31944,41.43179,140441,271370,decid,decid,decid,decid,"birch,beech,maple",1,12,1,6,0,0,,full,E. Rogan,547.936,
190,,,0,0,0,1,322,1,1,0,-76.32265,41.43411,140168,271623,1028.9,-76.32028,41.4385,140357,272114,0,0,0,,,,,decid,decid,decid,,,,,,,,,,,B. Carlson,547.936,
190,,,0,0,0,1,417,1,1,0,-76.32265,41.43411,140168,271623,1082.36,-76.3202,41.43837,140364,272100,0,0,0,,,,,decid,decid,decid,,,,,,,,,,no,M. Schrecengost,547.936,
191,,,0,0,0,1,406,1,0,0,-78.11768,41.48218,-9827,275623,1151.8,-78.10538,41.48292,-8800,275704,0,0,0,,,,,decid,decid,decid,,,,,,,,,,no,M. Schrecengost,594.981,
192,,,0,0,0,1,212,1,0,0,-75.25677,41.1616,230166,243622,1127.96,-75.24408,41.15743,231245,243193,0,0,0,,,,,decid,decid,decid,,,,,,,,,,full,E. Rogan,315.314,
193,,,0,0,0,1,225,1,0,0,-76.58002,41.70767,118169,301623,1137.37,-76.55833,41.72735,119938,303839,0,0,0,,,,,decid,decid,trans,,,,,,,,,,full,E. Rogan,330.636,
193,t,,0,0,0,2,225,1,0,0,-76.56195,41.7361,119621,304806,1420.92,-76.56195,41.7361,119621,304806,0,0,0,,,,,,,trans,,,,,,,,,,full,E. Rogan,375.749,
194,,,0,0,0,1,119,1,0,0,-75.46495,41.32847,212166,261622,621.81,-75.46407,41.32868,212239,261647,0,0,0,,,,,decid,decid,decid,,,,,,,,,,full,E. Rogan,551.995,
195,,,0,0,0,1,0,0,0,1,-75.54197,41.18603,206167,245622,0,,,,,0,0,0,,,,,,,,,,,,,,,,,,,548.572,
196,,,0,0,0,1,406,1,0,0,-77.99794,41.62629,172,291624,1041.89,-77.98145,41.61737,1546,290633,0,0,0,,,,,decid,decid,trans,,,,,,,,,,no,B. Carlson,515.829,
197,,,0,0,0,1,123,1,0,0,-78.37977,41.24754,-31828,249623,1048.42,-78.38513,41.24997,-32276,249895,0,0,0,,,,,decid,decid,decid,,,,,,,,,,full,J. Vreeland,600.267,
198,,,0,0,0,1,302,1,0,0,-77.08264,41.85676,76170,317623,1020.49,-77.07652,41.84955,76686,316828,0,0,0,,,,,decid,decid,trans,,,,,,,,,,partial,B. Carlson,567.023,
199,,,0,0,0,1,330,1,0,0,-78.57192,41.3908,-47827,265623,1121.72,-78.61158,41.40528,-51132,267254,0,0,0,,,,,decid,decid,decid,,,,,,,,,,no,M. Schrecengost,526.557,
200,,,0,0,0,1,317,1,0,0,-78.81665,41.8395,-67826,315623,1014.69,-78.82563,41.84153,-68569,315856,0,0,0,,,,,decid,decid,trans,,,,,,,,,,,B. Carlson,633.233,
201,,,0,0,0,1,310,1,0,0,-76.85224,41.26048,96169,251623,963.95,-76.82847,41.20915,98237,245948,0,0,0,,,,,decid,decid,decid,,,,,,,,,,no,B. Carlson,187.998,
202,,,0,0,0,1,312,1,0,0,-78.2122,41.08591,-17828,231622,1085.52,-78.22998,41.081,-19323,231081,0,0,0,,,,,decid,decid,decid,,,,,,,,,,no,M. Schrecengost,449.7,
203,,,0,0,0,1,219,1,0,0,-77.82974,41.69818,14172,299623,983.36,-77.82093,41.70065,14904,299898,0,0,0,,,,,decid,decid,decid,,,,,,,,,,full,B. Carlson,697.991,
204,,,0,0,0,1,114,1,0,0,-77.66422,41.17565,28172,241623,1015.39,-77.65015,41.17487,29352,241541,0,0,0,,,,,decid,decid,decid,,,,,,,,,,full,J. Vreeland,515.12,
204,t,,0,0,0,2,114,1,0,0,-77.6433,41.20381,29914,244757,1421.73,-77.6433,41.20382,29914,244758,0,0,0,,,,,,,trans,,,,,,,,,,full,J. Vreeland,529.187,
205,,,0,0,0,1,331,1,0,0,-78.69074,41.31813,-57827,257623,1024.91,-78.69105,41.37085,-57806,263479,0,0,0,,,,,decid,decid,decid,,,,,,,,,,no,M. Schrecengost,482.593,
206,,1,1,0,0,1,224,1,0,0,-78.90846,41.5147,-75826,279623,1039.45,-78.9281,41.50083,-77481,278100,1,1,0,-78.92926,41.49843,-77581,277834,decid,decid,decid,decid,red maple,4,12,5,15,0,1,northwest,full,B. Carlson,560.113,
206,,trk,1,0,0,1,224,1,0,0,-78.90846,41.5147,-75826,279623,1039.45,-78.9281,41.50083,-77481,278100,0,1,0,-78.93186,41.49319,-77804,277254,decid,decid,decid,decid,red maple,4,14,3,12,0,1,southwest,full,B. Carlson,560.113,
206,,trk,1,0,0,1,320,1,1,0,-78.90846,41.5147,-75826,279623,1276.39,-78.92808,41.50052,-77480,278065,0,1,0,-78.93164,41.50275,-77775,278316,decid,decid,decid,conifer/trans,"hemlock,beech,maple",0.5,18,1,20,0,1,northnorthwest,full,E. Rogan,560.113,
206,,,0,0,0,1,409,1,1,0,-78.90846,41.5147,-75826,279623,1137.17,-78.90372,41.50328,-75443,278350,0,0,0,,,,,decid,decid,decid,,,,,,,,,,no,M. Schrecengost,560.113,
206,,,0,0,0,1,410,1,1,0,-78.90846,41.5147,-75826,279623,1021.56,-78.92817,41.50083,-77487,278100,0,0,0,,,,,decid,decid,decid,,,,,,,,,,no,B. Carlson,560.113,
206,t,1,1,1,0,2,224,1,0,0,-78.92855,41.49483,-77526,277434,861.72,-78.92855,41.49483,-77526,277434,1,1,0,-78.92853,41.49485,-77524,277436,,,trans,trans,black cherry,0.2,1,1,2,0,1,southeast,full,B. Carlson,530.83,
207,,,0,0,0,1,311,1,0,0,-78.09335,41.21211,-7828,245622,1122.84,-78.09632,41.21617,-8076,246074,0,0,0,,,,,decid,decid,decid,,,,,,,,,,partial,M. Schrecengost,592.521,
208,,,0,0,0,1,304,1,0,0,-75.85357,41.1382,180168,239623,1202.46,-75.84968,41.11952,180545,237556,0,0,0,,,,,decid,decid,trans,,,,,,,,,,partial,E. Rogan,552.734,
208,t,,0,0,0,2,304,1,0,0,-75.86685,41.12426,179091,238047,812.48,-75.86685,41.12427,179091,238048,0,0,0,,,,,,,trans,,,,,,,,,,partial,E. Rogan,539.45,
209,,1,1,0,0,1,114,1,0,0,-79.59016,41.9576,-131824,329624,1044,-79.58875,41.95952,-131704,329835,1,0,0,-79.59129,41.95838,-131917,329712,decid,decid,trans,trans,Pin Cherry,0.5,2,1,3,0,0,northwest,full,B. Carlson,498.4,
209,,2,0,1,0,1,114,1,0,0,-79.59016,41.9576,-131824,329624,1044,-79.58875,41.95952,-131704,329835,1,0,0,-79.59186,41.95827,-131964,329701,decid,decid,trans,Trans,Pin Cherry,0.5,2,1,3,0,0,northwest,full,B. Carlson,498.4,
209,,1,1,1,0,1,409,1,1,0,-79.59016,41.9576,-131824,329624,1024.83,-79.58873,41.95955,-131702,329838,1,0,0,-79.58887,41.9595,-131714,329833,decid,decid,trans,decid/trans,birch,0.3,12,3,12,0,0,south,no,B. Carlson,498.4,
209,,2,1,1,0,1,409,1,1,0,-79.59016,41.9576,-131824,329624,1024.83,-79.58873,41.95955,-131702,329838,1,0,0,-79.59044,41.95889,-131845,329768,decid,decid,trans,trans,pin cherry,0.1,4,1,5,0,0,south,no,B. Carlson,498.4,
209,,3,0,1,0,1,409,1,1,0,-79.59016,41.9576,-131824,329624,1024.83,-79.58873,41.95955,-131702,329838,1,0,0,-79.59378,41.95778,-132124,329649,decid,decid,trans,clearcut,beech,3,8,10,20,0,1,southwest,no,B. Carlson,498.4,
209,,4,0,1,0,1,409,1,1,0,-79.59016,41.9576,-131824,329624,1024.83,-79.58873,41.95955,-131702,329838,1,0,0,-79.59458,41.95753,-132191,329623,decid,decid,trans,clearcut,beech,2,8,5,15,0,1,southwest,no,B. Carlson,498.4,
210,,,0,0,0,1,301,1,0,0,-77.39774,41.64273,50171,293623,1029.65,-77.39952,41.63498,50029,292761,0,0,0,,,,,decid,decid,decid,,,,,,,,,,partial,B. Carlson,523.733,
211,,,0,0,0,1,117,1,0,0,-78.52654,41.69712,-43827,299623,1027.3,-78.52885,41.6841,-44028,298178,0,0,0,,,,,decid,decid,trans,,,,,,,,,,full,B. Carlson,634.986,
212,,,0,0,0,1,405,1,0,0,-77.63802,41.60772,30171,289623,1040.66,-77.64258,41.61828,29786,290795,0,0,0,,,,,decid,decid,trans,,,,,,,,,,partial,B. Carlson,623.358,
213,,,0,0,0,1,119,1,0,0,-77.28401,41.06588,60170,229623,1064.49,-77.28323,41.0638,60238,229392,0,0,0,,,,,decid,decid,trans,,,,,,,,,,full,J. Vreeland,583.252,
214,,,0,0,0,1,405,1,0,0,-78.23743,41.482,-19828,275623,1022.58,-78.25185,41.482,-21032,275627,0,0,0,,,,,decid,decid,decid,,,,,,,,,,no,M. Schrecengost,545.696,
215,,,0,0,0,1,318,1,0,0,-78.71307,41.17394,-59827,241623,914.83,-78.71275,41.17312,-59801,241531,0,0,0,,,,,decid,decid,decid,,,,,,,,,,no,M. Schrecengost,528.814,
216,,,0,0,0,1,217,1,0,0,-79.38458,41.36594,-115825,263623,1040.67,-79.3909,41.35723,-116369,262664,0,0,0,,,,,decid,decid,trans,,,,,,,,,,full,B. Carlson,493.383,
217,,,0,0,0,1,119,1,0,0,-77.14123,41.0649,72170,229622,1082.24,-77.15498,41.0659,71013,229722,0,0,0,,,,,decid,decid,decid,,,,,,,,,,full,J. Vreeland,554.795,
217,t,,0,0,0,2,119,1,0,0,-77.14076,41.06363,72211,229481,1070.52,-77.14077,41.06363,72210,229481,0,0,0,,,,,,,trans,,,,,,,,,,full,J. Vreeland,548.26,
218,,,0,0,0,1,303,1,0,0,-77.10918,41.6769,74170,297623,1001.38,-77.11022,41.6752,74085,297434,0,0,0,,,,,decid,decid,decid,,,,,,,,,,partial,B. Carlson,557.534,
219,,,0,0,0,1,330,1,0,0,-77.20982,41.29948,66170,255622,1029.21,-77.21543,41.29952,65700,255622,0,0,0,,,,,decid,decid,mixed,,,,,,,,,,no,B. Carlson,284.044,
220,,,0,0,0,1,201,1,0,0,-77.4731,41.22895,44170,247622,1135.13,-77.47637,41.22702,43898,247406,0,0,0,,,,,decid,decid,mixed,,,,,,,,,,full,J. Vreeland,449.048,
221,,,0,0,0,1,0,0,0,1,-75.72394,41.44192,190167,273622,0,,,,,0,0,0,,,,,,,,,,,,,,,,,,,570.851,
222,,0,0,1,0,1,310,1,0,0,-76.92266,41.33318,90170,259622,1023.51,-76.89253,41.33502,92689,259858,1,0,0,-76.89277,41.33412,92670,259758,decid,decid,decid,Decid,Oak,3,10,3,12,0,0,northeast,,B. Carlson,193.25,
222,,1,0,1,0,1,310,1,0,0,-76.92266,41.33318,90170,259622,1023.51,-76.89253,41.33502,92689,259858,1,0,0,-76.90046,41.33484,92025,259830,decid,decid,decid,Decid,Oak,1,11,3,10,0,0,northeast,,B. Carlson,193.25,
222,,2,1,1,0,1,310,1,0,0,-76.92266,41.33318,90170,259622,1023.51,-76.89253,41.33502,92689,259858,1,0,0,-76.90217,41.33483,91882,259827,decid,decid,decid,Mixed,Oak,1,14,5,15,0,0,northeast,,B. Carlson,193.25,
223,,,0,0,0,1,226,1,0,0,-78.14214,41.71623,-11828,301623,1018.38,-78.15468,41.71297,-12872,301263,0,0,0,,,,,decid,decid,trans,,,,,,,,,,full,B. Carlson,687.394,
224,,,0,0,0,1,330,1,0,0,-78.76345,41.4077,-63827,267622,1198.44,-78.78192,41.40633,-65372,267484,0,0,0,,,,,decid,decid,decid,,,,,,,,,,no,M. Schrecengost,499.342,
225,,,0,0,0,1,227,1,0,0,-77.90142,41.96836,8171,329624,979.23,-77.89018,41.96685,9103,329457,0,0,0,,,,,decid,decid,decid,,,,,,,,,,full,B. Carlson,562.603,
226,,,0,0,0,1,304,1,0,0,-77.3483,41.78652,54170,309623,984.78,-77.34835,41.78977,54163,309984,0,0,0,,,,,decid,decid,decid,,,,,,,,,,partial,B. Carlson,414.008,
227,,227b,0,1,0,1,218,1,0,0,-76.6326,41.4922,114168,277623,1166.11,-76.62267,41.49733,114989,278206,1,0,0,-76.62231,41.49524,115022,277974,decid,decid,decid,mix,"white pine,hemlock,apple,maple,hawthorn",1,13,1,8,0,1,south,full,E. Rogan,451.425,
228,,,0,0,0,1,201,1,0,0,-77.37835,41.15646,52171,239623,1131.35,-77.34367,41.0905,55136,232318,0,0,0,,,,,decid,decid,decid,,,,,,,,,,full,J. Vreeland,165.841,
228,t,1,0,1,1,2,202,1,0,0,-77.3329,41.06823,56060,229851,1072.32,-77.3329,41.06823,56060,229851,1,0,0,-77.3321,41.06831,56127,229860,,,trans,trans,brambles,0,0,0,0,0,,,full,J. Vreeland,512.849,
228,t,2,0,1,0,2,202,1,0,0,-77.3329,41.06823,56060,229851,1072.32,-77.3329,41.06823,56060,229851,1,0,0,-77.33166,41.06825,56164,229854,,,trans,trans,honeysuckle,0,0,0,0,0,1,,full,J. Vreeland,512.849,
229,,,0,0,0,1,330,1,0,0,-77.3061,41.22807,58171,247622,1036.73,-77.29333,41.23787,59232,248719,0,0,0,,,,,decid,decid,mixed,,,,,,,,,,no,B. Carlson,234.837,
231,,1,1,1,0,1,117,1,0,0,-78.50404,41.89529,-41827,321624,1007.04,-78.49807,41.90358,-41326,322542,1,0,0,-78.49542,41.9004,-41108,322187,decid,decid,trans,trans,Aspen,0.2,1,1,3,0,0,east,full,B. Carlson,588.083,
231,,2,0,1,0,1,117,1,0,0,-78.50404,41.89529,-41827,321624,1007.04,-78.49807,41.90358,-41326,322542,1,0,0,-78.49541,41.90035,-41108,322182,decid,decid,trans,Trans,Aspen,0.5,1,1,3,0,0,east,full,B. Carlson,588.083,
232,,,0,0,0,1,303,1,0,0,-77.08642,41.58669,76170,287623,1025.8,-77.08243,41.59838,76489,288925,0,0,0,,,,,decid,decid,trans,,,,,,,,,,,B. Carlson,525.022,
233,,1,0,1,0,1,311,1,0,0,-77.08867,41.42464,76170,269622,1024.85,-77.11195,41.43602,74211,270866,1,0,0,-77.12089,41.43269,73468,270489,decid,conifer,mixed,Mixed,Pine,1,8,2,7,0,1,,,B. Carlson,488.029,
234,,1,0,1,0,1,114,1,0,0,-79.34858,41.94262,-111825,327623,1043.92,-79.3503,41.9438,-111965,327757,1,0,0,-79.35023,41.94387,-111960,327764,decid,decid,decid,Dec,red maple,3,10,3,12,0,0,southwest,full,B. Carlson,557.417,
234,,2,0,1,0,1,114,1,0,0,-79.34858,41.94262,-111825,327623,1043.92,-79.3503,41.9438,-111965,327757,1,0,0,-79.34994,41.94445,-111934,327828,decid,decid,decid,Dec,Beech,3,7,2,10,0,0,southwest,full,B. Carlson,557.417,
234,,1,0,1,0,1,409,1,1,0,-79.34858,41.94262,-111825,327623,1033.29,-79.35027,41.94378,-111963,327754,1,0,0,-79.3502,41.94386,-111957,327763,decid,decid,decid,trans,red maple,0.2,10,1,10,0,0,south,no,B. Carlson,557.417,
234,,2,0,1,0,1,409,1,1,0,-79.34858,41.94262,-111825,327623,1033.29,-79.35027,41.94378,-111963,327754,1,0,0,-79.34988,41.94454,-111929,327838,decid,decid,decid,mixed/trans,beech/hemlock,0.2,12,1,10,0,0,south,no,B. Carlson,557.417,
234,,3,0,1,0,1,409,1,1,0,-79.34858,41.94262,-111825,327623,1033.29,-79.35027,41.94378,-111963,327754,1,0,0,-79.34946,41.94499,-111894,327888,decid,decid,decid,mixed/trans,beech/birch,0.2,10,1,10,0,0,south,no,B. Carlson,557.417,
234,t,,0,0,0,2,114,1,0,0,-79.34808,41.9581,-111757,329342,883.88,-79.34808,41.9581,-111757,329342,0,0,0,,,,,,,trans,,,,,,,,,,full,B. Carlson,555.561,
235,,1,1,1,0,1,302,1,0,0,-77.54014,41.87746,38171,319623,1030.54,-77.53985,41.88465,38191,320422,1,0,0,-77.54476,41.88688,37782,320667,decid,decid,trans,trans,Birch,0.2,0.5,1,2,0,0,northeast,partial,B. Carlson,554.885,
235,,2,1,1,0,1,302,1,0,0,-77.54014,41.87746,38171,319623,1030.54,-77.53985,41.88465,38191,320422,1,0,0,-77.54497,41.88661,37765,320637,decid,decid,trans,trans,red maple,0.2,0.5,1,2,0,0,northeast,partial,B. Carlson,554.885,
235,,3,0,1,0,1,302,1,0,0,-77.54014,41.87746,38171,319623,1030.54,-77.53985,41.88465,38191,320422,1,0,0,-77.54467,41.88365,37792,320308,decid,decid,trans,Trans,red maple,0.2,10,1,12,0,0,north,partial,B. Carlson,554.885,
236,,1,0,1,0,1,227,1,0,0,-77.75679,41.93213,20171,325623,1069.66,-77.75358,41.93533,20436,325979,1,1,0,-77.75362,41.93521,20433,325966,decid,decid,decid,Trans,red maple,0.5,7,1,4,0,1,southwest,full,B. Carlson,652.573,
236,,2,0,1,0,1,227,1,0,0,-77.75679,41.93213,20171,325623,1069.66,-77.75358,41.93533,20436,325979,1,1,0,-77.75431,41.93468,20376,325907,decid,decid,decid,Field/Trans,red maple,0,0,3,0,0,1,southwest,full,B. Carlson,652.573,
236,,3,0,1,0,1,227,1,0,0,-77.75679,41.93213,20171,325623,1069.66,-77.75358,41.93533,20436,325979,1,1,0,-77.75526,41.9342,20297,325853,decid,decid,decid,Mixed,Hemlock,3,14,3,10,0,1,southwest,full,B. Carlson,652.573,
236,,4,1,1,0,1,227,1,0,0,-77.75679,41.93213,20171,325623,1069.66,-77.75358,41.93533,20436,325979,1,1,0,-77.75582,41.93366,20251,325793,decid,decid,decid,Mixed,Hemlock,3,12,3,12,0,1,northwest,full,B. Carlson,652.573,
236,,5,0,1,0,1,227,1,0,0,-77.75679,41.93213,20171,325623,1069.66,-77.75358,41.93533,20436,325979,1,1,0,-77.76084,41.93001,19836,325387,decid,decid,decid,Dec,red maple,5,12,5,10,0,1,northwest,full,B. Carlson,652.573,
236,,6,0,1,0,1,227,1,0,0,-77.75679,41.93213,20171,325623,1069.66,-77.75358,41.93533,20436,325979,1,1,0,-77.76198,41.92927,19742,325304,decid,decid,decid,Dec,,3,6,5,15,0,1,northwest,full,B. Carlson,652.573,
237,,,0,0,0,1,116,1,0,0,-79.57364,41.27348,-131824,253622,1027.35,-79.59073,41.2788,-133245,254239,0,0,0,,,,,decid,decid,trans,,,,,,,,,,full,B. Carlson,469.266,
238,,,0,0,0,1,113,1,0,0,-77.855,41.14003,12172,237622,1020.54,-77.85537,41.14172,12141,237810,0,0,0,,,,,decid,decid,decid,,,,,,,,,,full,B. Carlson,509.561,
238,t,,0,0,0,2,113,1,0,0,-77.88065,41.19053,10011,243228,1064.39,-77.88065,41.19053,10011,243228,0,0,0,,,,,,,trans,,,,,,,,,,full,B. Carlson,678.48,
239,,1,0,1,0,1,123,1,0,0,-78.49908,41.24708,-41827,249622,1142.39,-78.49885,41.2243,-41822,247092,1,0,0,-78.49779,41.22242,-41734,246882,decid,decid,decid,decid,"black birch, cherry",1,10,1,12,0,0,southwest,full,J. Vreeland,525.079,
240,,,0,0,0,1,0,0,0,1,-77.97418,41.01407,2172,223622,0,,,,,0,0,0,,,,,,,,,,,,,,,,,,,512.944,
